iso3,country,region,income_group,fdi_gdp,exports_gdp,imports_gdp,gdp_usd,gdp_pc_usd,population,imp_fuel,imp_manuf,exp_agri_raw,exp_food,exp_fuel,exp_manuf,exp_ores_metals,hightech_share,yr_fdi_gdp,yr_exports_gdp,yr_imports_gdp,yr_gdp_usd,yr_gdp_pc_usd,yr_population,yr_imp_fuel,yr_imp_manuf,yr_exp_agri_raw,yr_exp_food,yr_exp_fuel,yr_exp_manuf,yr_exp_ores_metals,yr_hightech_share,fetched_utc
ABW,Aruba,Latin America & Caribbean ,High income,2.4774663008564,85.9688151817883,78.1698299671292,4167588070.29217,38590.5650288641,107995.0,5.91450835186729,61.4813208057003,0.117845233410117,67.3173558784974,0.0602540892919389,21.8504308737179,6.76571849783155,6.86800836378335,2024.0,2024.0,2024.0,2024.0,2024.0,2024.0,2023.0,2023.0,2023.0,2023.0,2023.0,2023.0,2023.0,2023.0,2026-09-23
AFG,Afghanistan,"Middle East, North Africa, Afghanistan & Pakistan",Low income,0.144466946606861,15.7027518479481,68.0602732398198,17778508875.7396,416.871146273728,42647492.0,22.6954376815373,41.0868040544375,21.0350603345276,63.8521064680169,8.0512789669382,4.77374005886772,2.19992094192385,0.0,2021.0,2024.0,2024.0,2024.0,2024.0,2024.0,2019.0,2019.0,2019.0,2019.0,2019.0,2019.0,2019.0,2019.0,2026-09-23
AGO,Angola,Sub-Saharan Africa ,Lower middle income,-1.07650107199669,30.8795219046294,18.9694287694669,103080538044.058,2720.81900669715,37885849.0,20.5460843386925,62.5627990310302,0.0343988204055892,0.40734408900839,94.1347736309318,1.05754809857724,4.35688565012152,16.6897206933082,2024.0,2024.0,2024.0,2024.0,2024.0,2024.0,2024.0,2024.0,2024.0,2024.0,2024.0,2024.0,2024.0,2024.0,2026-09-23
ALB,Albania,Europe & Central Asia,Upper middle income,6.32558905401363,36.2848685351465,43.1697675400758,27037474263.2977,11374.0085781236,2377128.0,8.58322529440674,63.2333479005026,0.478588016708596,13.3530673679586,3.25771222753826,54.0605921663118,5.64934031462141,1.52935344981595,2024.0,2024.0,2024.0,2024.0,2024.0,2024.0,2024.0,2024.0,2024.0,2024.0,2024.0,2024.0,2024.0,2024.0,2026-09-23
AND,Andorra,Europe & Central Asia,High income,6.63542850454759,,,4044249678.65625,49357.437070178,81938.0,8.64784726018473,68.3871491675101,0.415383101399855,1.0898638304214,0.0101475994472374,94.9903929863838,1.77400635480091,21.4346319155008,2024.0,,,2024.0,2024.0,2024.0,2023.0,2023.0,2023.0,2023.0,2023.0,2023.0,2023.0,2023.0,2026-09-23
ARE,United Arab Emirates,"Middle East, North Africa, Afghanistan & Pakistan",High income,8.26261604873876,106.846123390953,92.1988267361531,552324919095.872,50273.5126243239,10986400.0,4.48813504429469,54.8569293727911,0.0362459239654586,2.89132651275323,68.202872587783,8.81078840111042,3.4327739631214,8.96029397394575,2024.0,2023.0,2023.0,2024.0,2024.0,2024.0,2023.0,2023.0,2023.0,2023.0,2023.0,2023.0,2023.0,2023.0,2026-09-23
ARG,Argentina,Latin America & Caribbean ,Upper middle income,1.82409522925391,15.2497485928824,12.6800122564846,638365455340.04,13969.7836603737,45696159.0,6.21877402105712,79.6420481202238,0.569107123358434,48.9980530346973,8.77014211533671,13.3385762659227,0.170904833823205,3.85019697474113,2024.0,2024.0,2024.0,2024.0,2024.0,2024.0,2024.0,2024.0,2024.0,2024.0,2024.0,2024.0,2024.0,2024.0,2026-09-23
ARM,Armenia,Europe & Central Asia,Upper middle income,0.506878336560983,73.6253540067184,76.4393725820236,25955275380.0321,8556.21406956719,3033500.0,6.39748682124162,43.3862828341652,0.326290727403031,9.4289551511766,0.679482108248347,29.5478475277499,16.1462440928624,23.6403270515259,2024.0,2024.0,2024.0,2024.0,2024.0,2024.0,2024.0,2024.0,2024.0,2024.0,2024.0,2024.0,2024.0,2024.0,2026-09-23
ASM,American Samoa,East Asia & Pacific,High income,,46.9575200918485,77.7267508610792,871000000.0,18017.4589383973,46765.0,,,,,,,,,,2022.0,2022.0,2022.0,2022.0,2024.0,,,,,,,,,2026-09-23
ATG,Antigua and Barbuda,Latin America & Caribbean ,High income,11.3643950130087,55.0022835102638,63.3003005458487,2162366666.66667,23059.8330702839,93772.0,0.677776906826153,68.5303548512986,0.0,84.703364742359,0.0,14.8136733322156,0.482961925425427,0.0,2024.0,2022.0,2022.0,2024.0,2024.0,2024.0,2024.0,2024.0,2024.0,2024.0,2024.0,2024.0,2024.0,2024.0,2026-09-23
AUS,Australia,East Asia & Pacific,High income,3.05761029844929,24.6215240529473,22.5238570535723,1757022451652.83,64609.9865116088,27194286.0,13.3321467362803,75.3196347457048,1.75060570108419,12.073033995206,33.1901228403116,9.5505624686651,34.1553248854625,25.1586416457084,2024.0,2024.0,2024.0,2024.0,2024.0,2024.0,2024.0,2024.0,2024.0,2024.0,2024.0,2024.0,2024.0,2024.0,2026-09-23
AUT,Austria,Europe & Central Asia,High income,2.55351579610657,55.6782850851641,53.1474927492406,534790720466.822,58268.8787651601,9177982.0,7.45187700048584,75.1137959309612,1.41398893312561,8.59551676246597,2.77111216210029,78.9970104669637,3.27026243038932,18.4525766859019,2024.0,2024.0,2024.0,2024.0,2024.0,2024.0,2024.0,2024.0,2024.0,2024.0,2024.0,2024.0,2024.0,2024.0,2026-09-23
AZE,Azerbaijan,Europe & Central Asia,Upper middle income,0.310746244591944,45.8346308453245,36.732893786327,74426000000.0,7294.64276088105,10202830.0,8.77958903481619,59.4903054231763,0.700325824584039,4.13735760122376,87.9785269977749,4.79615183574757,1.02707733667075,2.91095088102775,2024.0,2024.0,2024.0,2024.0,2024.0,2024.0,2024.0,2024.0,2024.0,2024.0,2024.0,2024.0,2024.0,2024.0,2026-09-23
BDI,Burundi,Sub-Saharan Africa ,Low income,1.0970222856868,,,3037579858.38142,216.231928531758,14047786.0,22.1468728188694,61.1341956554854,0.532985372462077,46.0212438657281,1.88698422568729,15.1835600443769,1.90126959438202,1.30508367041098,2024.0,,,2024.0,2024.0,2024.0,2023.0,2023.0,2023.0,2023.0,2023.0,2023.0,2023.0,2023.0,2026-09-23
BEL,Belgium,Europe & Central Asia,High income,-6.1637514992582,79.3187864838737,79.7046946650529,670983130618.828,56581.9375642531,11858610.0,16.0130587076394,66.163343466787,1.20653592787346,13.3056656537319,11.6008457411399,69.1330883288814,3.51802851603446,20.3921453422236,2024.0,2024.0,2024.0,2024.0,2024.0,2024.0,2024.0,2024.0,2024.0,2024.0,2024.0,2024.0,2024.0,2024.0,2026-09-23
BEN,Benin,Sub-Saharan Africa ,Lower middle income,2.5276563137227,18.84015691814,21.7996453220123,21482643706.4249,1485.38018885134,14462724.0,13.6543859922376,50.1027962698991,52.8512203374072,39.6559523693478,5.14745189857092e-06,7.42151126486844,0.0708610340008799,30.5389584270212,2024.0,2024.0,2024.0,2024.0,2024.0,2024.0,2024.0,2024.0,2024.0,2024.0,2024.0,2024.0,2024.0,2024.0,2026-09-23
BFA,Burkina Faso,Sub-Saharan Africa ,Low income,-0.874048616893636,28.56446679662,31.928432055678,23136514855.7646,982.493100418428,23548781.0,41.1489198830035,46.867564612329,6.03371512709553,7.08885052904513,0.0208396744836875,2.7104987997705,0.247414696660435,1.64548901950889,2024.0,2024.0,2024.0,2024.0,2024.0,2024.0,2024.0,2024.0,2024.0,2024.0,2024.0,2024.0,2024.0,2024.0,2026-09-23
BGD,Bangladesh,South Asia,Lower middle income,0.283870773350074,10.4611878291715,16.3168879748762,450119432068.852,2593.41611680774,173562364.0,10.1215316760637,67.0490057753522,0.767841924151289,3.38709259966535,1.09687826106508,94.4530526963443,0.293795364051544,0.539452073551698,2024.0,2024.0,2024.0,2024.0,2024.0,2024.0,2018.0,2018.0,2018.0,2018.0,2018.0,2018.0,2018.0,2018.0,2026-09-23
BGR,Bulgaria,Europe & Central Asia,High income,2.69152439380972,56.3699636895975,53.856354041725,113349149166.793,17596.9167621233,6441421.0,12.2537253333754,60.0436064891727,0.711631720459455,15.1661949226268,7.7644781218312,53.4063721128926,15.6388377530089,13.4299683659831,2024.0,2024.0,2024.0,2024.0,2024.0,2024.0,2024.0,2024.0,2024.0,2024.0,2024.0,2024.0,2024.0,2024.0,2026-09-23
BHR,Bahrain,"Middle East, North Africa, Afghanistan & Pakistan",High income,5.72467195311559,87.4874315086406,69.9934379215464,47210732712.766,29717.1424605273,1588670.0,2.59435215586062,57.3443903755133,0.138903145208249,8.65367979981212,0.000371894251415909,26.006760524815,64.7786518591568,0.387343644517371,2024.0,2024.0,2024.0,2024.0,2024.0,2024.0,2024.0,2024.0,2024.0,2024.0,2024.0,2024.0,2024.0,2023.0,2026-09-23
BHS,"Bahamas, The",Latin America & Caribbean ,High income,1.51932088638775,37.7835884998232,41.4588701935223,15832800000.0,39455.4466548546,401283.0,16.2804760263769,61.1449895300838,0.597428323361572,52.2012777964216,0.0,31.1504127093612,16.0508789788562,0.0,2024.0,2024.0,2024.0,2024.0,2024.0,2024.0,2024.0,2024.0,2024.0,2024.0,2024.0,2024.0,2024.0,2024.0,2026-09-23
BIH,Bosnia and Herzegovina,Europe & Central Asia,Upper middle income,3.3761353835982,40.7026955014872,54.0574823495089,29737363103.0492,9397.90942855997,3164253.0,12.1994048902744,64.3344245461592,3.97874953223472,7.06384031073007,6.49177086548884,74.1854543527046,8.26696745615403,6.16317357059664,2024.0,2024.0,2024.0,2024.0,2024.0,2024.0,2024.0,2024.0,2024.0,2024.0,2024.0,2024.0,2024.0,2024.0,2026-09-23
BLR,Belarus,Europe & Central Asia,Upper middle income,2.20948690351676,63.1561020083551,65.0867303062587,78591839299.7087,8605.60954569694,9132629.0,20.4002598543491,49.4192363252629,3.58103012490945,16.6249564805082,12.612946389206,38.4309799035739,1.14504386655469,6.01576846359853,2024.0,2024.0,2024.0,2024.0,2024.0,2024.0,2020.0,2021.0,2021.0,2021.0,2020.0,2021.0,2021.0,2021.0,2026-09-23
BLZ,Belize,Latin America & Caribbean ,Upper middle income,4.01045578413843,55.2233936496697,53.7490528718063,3203631800.0,7681.24400583113,417072.0,14.3268511508146,64.7693463237888,0.943010942247868,95.657748688105,0.00484169297304625,2.95919568096454,0.435202560735789,0.000191087699111545,2024.0,2024.0,2024.0,2024.0,2024.0,2024.0,2024.0,2024.0,2024.0,2024.0,2024.0,2024.0,2024.0,2024.0,2026-09-23
BMU,Bermuda,North America,High income,1.2816357911399,55.146561003487,25.0595274413538,9194499000.0,142250.433195123,64636.0,11.504271540652,54.6012139334275,0.00701387416893164,1.7753750092283,0.000411203555491298,59.9486800402453,0.00379302354389126,14.3007432825453,2024.0,2024.0,2024.0,2024.0,2024.0,2024.0,2024.0,2024.0,2024.0,2024.0,2024.0,2024.0,2024.0,2024.0,2026-09-23
BOL,Bolivia,Latin America & Caribbean ,Lower middle income,0.652112801170427,21.4350624296,25.5428091852403,54881327452.9667,4421.16609889999,12413315.0,29.1909878652877,61.4988706000159,1.0336461136292,22.2065115205865,18.9433899156143,6.52154085314657,43.5898503549869,8.79395083358911,2024.0,2024.0,2024.0,2024.0,2024.0,2024.0,2024.0,2024.0,2024.0,2024.0,2024.0,2024.0,2024.0,2024.0,2026-09-23
BRA,Brazil,Latin America & Caribbean ,Upper middle income,3.38960808548439,17.9385794398559,17.6459444987685,2185821610689.31,10310.5486973693,211998573.0,13.1951511742727,77.4304554382736,5.64764245426311,40.3549418618818,16.958206628778,23.2192423581155,12.6428158614818,11.1103644206652,2024.0,2024.0,2024.0,2024.0,2024.0,2024.0,2024.0,2024.0,2024.0,2024.0,2024.0,2024.0,2024.0,2024.0,2026-09-23
BRB,Barbados,Latin America & Caribbean ,High income,3.98890634980471,,,7597571450.0,26897.2002039176,282467.0,22.6613161472268,52.6209382141708,0.051472745779239,43.4616712612517,8.01009522603034,39.9334639863259,7.62916158715904,19.9263557583818,2024.0,,,2024.0,2024.0,2024.0,2024.0,2024.0,2024.0,2024.0,2024.0,2024.0,2024.0,2024.0,2026-09-23
BRN,Brunei Darussalam,East Asia & Pacific,High income,0.189449066349964,74.2707418045022,58.3166977174576,15340808592.48,33153.4738913513,462721.0,65.9183263853871,23.1743054684902,0.0106973897988556,0.102881112615471,75.4723137925849,24.1603544256454,0.137017534092583,1.06433459453488,2024.0,2024.0,2024.0,2024.0,2024.0,2024.0,2024.0,2024.0,2024.0,2024.0,2024.0,2024.0,2024.0,2024.0,2026-09-23
BTN,Bhutan,South Asia,Lower middle income,0.0841982308924301,31.4948602422141,47.8676815531182,3346603858.7495,4228.05102403654,791524.0,18.5044748811894,58.5277733768032,0.228640685902316,12.1698373384061,0.000126714234700656,59.3974696820125,28.198015003149,0.0107261524845822,2024.0,2024.0,2024.0,2024.0,2024.0,2024.0,2023.0,2023.0,2023.0,2023.0,2023.0,2023.0,2023.0,2023.0,2026-09-23
BWA,Botswana,Sub-Saharan Africa ,Upper middle income,2.42279666305462,27.0767041570041,42.3686467177144,19286251067.5078,7649.81663744354,2521139.0,20.4858120264251,61.7513926959407,0.0389509889048396,1.85190802071299,0.667839081647159,86.266781640311,10.746517291364,0.539469030954736,2024.0,2024.0,2024.0,2024.0,2024.0,2024.0,2023.0,2023.0,2023.0,2023.0,2023.0,2023.0,2023.0,2023.0,2026-09-23
CAF,Central African Republic,Sub-Saharan Africa ,Low income,1.46851186564355,15.007027885938,31.4248720942871,2751494281.06887,516.160999996036,5330690.0,26.4837219261723,51.1205788361009,5.91588041769666,0.215221053015092,0.0317291209436773,71.8354956580913,6.31887204148749,8.29978042191414,2024.0,2024.0,2024.0,2024.0,2024.0,2024.0,2024.0,2024.0,2024.0,2024.0,2024.0,2024.0,2024.0,2024.0,2026-09-23
CAN,Canada,North America,High income,2.77756440541293,32.4691150314085,32.6523836990289,2270076189683.46,55015.7066917734,41262329.0,6.50924221153143,75.5203211667628,2.93076871260505,13.5312278758624,27.6974112165315,42.2747692230746,7.21859335754214,16.7779029827711,2024.0,2024.0,2024.0,2024.0,2024.0,2024.0,2024.0,2024.0,2024.0,2024.0,2024.0,2024.0,2024.0,2024.0,2026-09-23
CHE,Switzerland,Europe & Central Asia,High income,-11.1757250603926,71.202289539209,59.1522265023689,969919786394.884,107702.065940312,9005582.0,3.1882994426315,60.8117782137008,0.10195089968808,2.51374979209268,1.20770479250597,68.4504091637221,1.49057879417026,29.6239015157944,2024.0,2024.0,2024.0,2024.0,2024.0,2024.0,2024.0,2024.0,2024.0,2024.0,2024.0,2024.0,2024.0,2024.0,2026-09-23
CHI,Channel Islands,Europe & Central Asia,High income,,,,12507320838.3932,74585.5224096294,168126.0,,,,,,,,,,,,2023.0,2023.0,2024.0,,,,,,,,,2026-09-23
CHL,Chile,Latin America & Caribbean ,High income,3.97989457086765,33.7320704435058,30.2256760867506,329260633698.726,16658.9652720351,19764771.0,18.9363062226163,65.9911116715923,5.33512337473342,22.9172071471411,1.32012360616343,13.0641862244463,56.1402892229553,8.31650307450688,2024.0,2024.0,2024.0,2024.0,2024.0,2024.0,2024.0,2024.0,2024.0,2024.0,2024.0,2024.0,2024.0,2024.0,2026-09-23
CHN,China,East Asia & Pacific,Upper middle income,0.227695125306895,20.4428283665891,17.5132317706653,18729668435848.0,13293.1162269366,1408975000.0,20.4222505719016,49.2920184597896,0.344746971362811,2.42684855512431,1.49786393169736,91.1612165960274,1.5142975856954,26.2777380479223,2024.0,2024.0,2024.0,2024.0,2024.0,2024.0,2024.0,2024.0,2024.0,2024.0,2024.0,2024.0,2024.0,2024.0,2026-09-23
CIV,Cote d'Ivoire,Sub-Saharan Africa ,Lower middle income,3.58346670744132,26.028011108531,25.2369734315673,87113179149.284,2727.8935220697,31934230.0,26.8631231620144,51.1827625902945,13.6041037172069,47.2107271817173,15.1221609102397,7.99337448356088,0.7696455104056,5.25759412069948,2024.0,2024.0,2024.0,2024.0,2024.0,2024.0,2024.0,2024.0,2024.0,2024.0,2024.0,2024.0,2024.0,2024.0,2026-09-23
CMR,Cameroon,Sub-Saharan Africa ,Lower middle income,1.66655391243674,15.6732536622499,18.7299249292924,53296694320.2057,1830.00833684727,29123744.0,24.177985544591,51.5557603644466,14.8855657415823,22.8464876533836,54.0712041809673,5.96908642008011,2.21406928262342,2.10363029161033,2024.0,2024.0,2024.0,2024.0,2024.0,2024.0,2023.0,2023.0,2023.0,2023.0,2023.0,2023.0,2023.0,2023.0,2026-09-23
COD,"Congo, Dem. Rep.",Sub-Saharan Africa ,Low income,3.84997694352814,45.6969577635665,48.5515293009981,75716176105.0704,692.887665085098,109276265.0,36.4856372240953,50.2207572345026,0.254197238413813,0.631252576879563,0.000486337353062221,17.9481214846049,76.344497695925,0.199611665225369,2024.0,2024.0,2024.0,2024.0,2024.0,2024.0,2023.0,2023.0,2023.0,2023.0,2023.0,2023.0,2023.0,2023.0,2026-09-23
COG,"Congo, Rep.",Sub-Saharan Africa ,Lower middle income,3.83980276481754,52.7796430530581,40.4084790309171,15719986076.6464,2482.2489948456,6332961.0,5.20235326326698,71.3503597036513,2.41749351627059,0.173192941619293,85.8630872035881,10.3320118973638,1.19935592976496,3.15972234574724,2024.0,2024.0,2024.0,2024.0,2024.0,2024.0,2023.0,2023.0,2023.0,2023.0,2023.0,2023.0,2023.0,2023.0,2026-09-23
COL,Colombia,Latin America & Caribbean ,Upper middle income,3.25416050189283,16.0804545104347,20.2375393681026,420504033143.211,7951.08624019412,52886363.0,9.64688470218008,72.874698779665,5.08801286297382,18.0896232003945,45.3036922636334,21.3773495922767,1.83962796660093,9.02469704912672,2024.0,2024.0,2024.0,2024.0,2024.0,2024.0,2024.0,2024.0,2024.0,2024.0,2024.0,2024.0,2024.0,2024.0,2026-09-23
COM,Comoros,Sub-Saharan Africa ,Lower middle income,0.440971140907408,9.23135575502753,32.2492795369359,1610082688.26617,1857.87060684189,866628.0,10.2282290869938,46.534302093495,0.000539786506725354,88.5424530520686,0.00485457345334166,10.2201845242648,1.23197156881377,3.13907204820087,2024.0,2024.0,2024.0,2024.0,2024.0,2024.0,2023.0,2023.0,2023.0,2023.0,2023.0,2023.0,2023.0,2023.0,2026-09-23
CPV,Cabo Verde,Sub-Saharan Africa ,Upper middle income,4.0509951845415,42.6792709353695,54.2229852215311,2713721857.39153,5170.20531932535,524877.0,14.3586623750179,50.7634435120912,0.0,86.3881917733023,0.0,13.611806761391,5.83139625688506e-05,1.15215005835922,2024.0,2024.0,2024.0,2024.0,2024.0,2024.0,2024.0,2024.0,2023.0,2024.0,2023.0,2024.0,2023.0,2023.0,2026-09-23
CRI,Costa Rica,Latin America & Caribbean ,High income,5.58692738273204,37.5298397915012,32.3235388479498,96715644330.6612,18853.2828705886,5129910.0,10.2627314710101,73.8611869719093,1.10627636932224,32.325336667143,0.018380373927685,64.8602779613311,1.39829772346223,22.8587994049653,2024.0,2024.0,2024.0,2024.0,2024.0,2024.0,2024.0,2024.0,2024.0,2024.0,2024.0,2024.0,2024.0,2024.0,2026-09-23
CUB,Cuba,Latin America & Caribbean ,Upper middle income,,42.4701633021061,82.393075562947,107352000000.0,9605.27914559614,10979783.0,30.8969576870709,38.3274933754945,1.47376891199416,30.7320723377019,5.73613117163468,7.78885410870541,53.4234884310835,7.87558913182664,,2024.0,2024.0,2020.0,2020.0,2024.0,2021.0,2022.0,2022.0,2022.0,2021.0,2022.0,2022.0,2022.0,2026-09-23
CUW,Curacao,Latin America & Caribbean ,High income,4.34710595121915,63.2460008659465,92.0228579057409,3561178212.2905,22832.895498987,155967.0,,,,,,,,,2024.0,2018.0,2018.0,2024.0,2024.0,2024.0,,,,,,,,,2026-09-23
CYM,Cayman Islands,Latin America & Caribbean ,High income,40.9173186763319,59.6335987813842,45.839191377535,7765336505.34319,104292.900672109,74457.0,13.6069329265375,58.7695214752646,0.224794485847666,3.83023547096942,52.3114359976797,25.9576324534177,3.80799663867728,85.5232283869582,2024.0,2020.0,2020.0,2024.0,2024.0,2024.0,2024.0,2024.0,2024.0,2024.0,2024.0,2024.0,2024.0,2024.0,2026-09-23
CYP,Cyprus,Europe & Central Asia,High income,-133.824213233455,97.0202359384563,93.3826349823034,37634551820.7367,38674.3125,1358282.0,22.4000919357288,59.4265830600393,0.447592863339026,22.4815736718776,49.0689211198229,22.1564482935341,4.42526376005569,18.0329234506901,2024.0,2024.0,2024.0,2024.0,2024.0,2024.0,2024.0,2024.0,2024.0,2024.0,2024.0,2024.0,2024.0,2024.0,2026-09-23
CZE,Czechia,Europe & Central Asia,High income,3.8933976290188,68.8585282145125,62.6080799110665,347082562221.377,31827.7552539413,10905028.0,5.45273045150415,83.676334281451,0.906013311243978,5.4367265797432,1.65042225091075,90.2384820365443,1.40367567949443,22.4045215279558,2024.0,2024.0,2024.0,2024.0,2024.0,2024.0,2024.0,2024.0,2024.0,2024.0,2024.0,2024.0,2024.0,2024.0,2026-09-23
DEU,Germany,Europe & Central Asia,High income,1.33680512940413,41.4340593720908,37.6566712174028,4685592577804.69,56103.7323182554,83516593.0,7.99268368320553,73.4365446581308,0.714729761877556,6.26374809525555,2.07454936630529,84.1312732546074,2.72353839400857,17.9772990379432,2024.0,2024.0,2024.0,2024.0,2024.0,2024.0,2024.0,2024.0,2024.0,2024.0,2024.0,2024.0,2024.0,2024.0,2026-09-23
DJI,Djibouti,"Middle East, North Africa, Afghanistan & Pakistan",Lower middle income,1.63337101411676,126.415267144255,114.822195954032,4152145939.98458,3552.72335079222,1168722.0,7.90590995018332,51.8679572398312,0.188264059950052,41.4702982972354,0.995238487819515,56.5669742965513,0.527328783503672,3.27550022198031,2024.0,2024.0,2024.0,2024.0,2024.0,2024.0,2023.0,2023.0,2023.0,2023.0,2023.0,2023.0,2023.0,2023.0,2026-09-23
DMA,Dominica,Latin America & Caribbean ,Upper middle income,8.70431929375585,,,688881481.481481,10405.2787777582,66205.0,18.5843545968539,53.5438186504178,0.0711951558440321,41.2177443026409,0.00752646170555339,57.7738867619111,0.929642781152361,2.88328233207454,2024.0,,,2024.0,2024.0,2024.0,2023.0,2023.0,2023.0,2023.0,2023.0,2023.0,2023.0,2023.0,2026-09-23
DNK,Denmark,Europe & Central Asia,High income,4.29658848924698,71.0020132043046,60.7630177709021,424524722037.047,71026.4832271897,5976992.0,6.87386840120166,74.6850542100367,1.66351091175877,17.6997614774225,3.77818245342826,72.6930850874123,1.96131728577918,17.6194498489345,2024.0,2024.0,2024.0,2024.0,2024.0,2024.0,2024.0,2024.0,2024.0,2024.0,2024.0,2024.0,2024.0,2024.0,2026-09-23
DOM,Dominican Republic,Latin America & Caribbean ,Upper middle income,3.6013993607877,22.7679273981921,29.0155869970404,124282245638.568,10875.6618443092,11427557.0,16.6433167111733,63.1224336096963,0.488478407233015,25.0082816838135,0.435451263861145,58.15363861978,3.28093047847441,7.68868351413961,2024.0,2024.0,2024.0,2024.0,2024.0,2024.0,2024.0,2024.0,2024.0,2024.0,2024.0,2024.0,2024.0,2024.0,2026-09-23
DZA,Algeria,"Middle East, North Africa, Afghanistan & Pakistan",Upper middle income,0.455370730483787,19.8523800653814,20.2821940516889,269322281664.773,5752.99076651465,46814308.0,4.20820484474438,72.9653660533898,0.0505565077393961,1.00117836508315,96.1115601990579,2.67130147044604,0.165401420227525,0.960396672710236,2024.0,2024.0,2024.0,2024.0,2024.0,2024.0,2017.0,2017.0,2017.0,2017.0,2017.0,2017.0,2017.0,2017.0,2026-09-23
ECU,Ecuador,Latin America & Caribbean ,Upper middle income,0.360313100049938,30.4978780132278,26.9457668073473,123802374000.0,6826.5294137822,18135478.0,25.0087825438755,59.1832240464073,3.87702424418659,53.7052898707519,27.4813880702454,4.89030157469331,6.88594032491159,9.99836390672699,2024.0,2024.0,2024.0,2024.0,2024.0,2024.0,2024.0,2024.0,2024.0,2024.0,2024.0,2024.0,2024.0,2024.0,2026-09-23
EGY,"Egypt, Arab Rep.","Middle East, North Africa, Afghanistan & Pakistan",Lower middle income,11.9719351009449,16.3762422101126,23.2245098772607,389059910593.1,3338.47371043679,116538258.0,17.9457381562454,52.1805818243604,1.08645718713918,21.8997647598019,12.4540426829027,51.9147911027708,5.40785612895585,3.81290087814207,2024.0,2024.0,2024.0,2024.0,2024.0,2024.0,2024.0,2024.0,2024.0,2024.0,2024.0,2024.0,2024.0,2024.0,2026-09-23
ERI,Eritrea,Sub-Saharan Africa ,Low income,,,,,,3535603.0,,,,,,,,,,,,,,2024.0,,,,,,,,,2026-09-23
ESP,Spain,Europe & Central Asia,High income,2.47896679493344,37.0558792721708,32.8943819660923,1725671652742.19,35326.7683069278,48848840.0,13.3866076386068,65.3364040965348,0.945368563202743,18.6458863788043,5.79530570621524,65.1730986933811,3.42743394375482,9.28447661569937,2024.0,2024.0,2024.0,2024.0,2024.0,2024.0,2024.0,2024.0,2024.0,2024.0,2024.0,2024.0,2024.0,2024.0,2026-09-23
EST,Estonia,Europe & Central Asia,High income,-7.97097840452121,75.6694833213142,75.3682190891409,43130419829.35,31428.3547816104,1372341.0,8.94465142031382,67.035736551673,6.55146819383925,13.6068010088738,7.77072769925022,64.4324249483318,1.87499765183745,18.382980141257,2024.0,2024.0,2024.0,2024.0,2024.0,2024.0,2024.0,2024.0,2024.0,2024.0,2024.0,2024.0,2024.0,2024.0,2026-09-23
ETH,Ethiopia,Sub-Saharan Africa ,Low income,2.68582028017543,5.53927082166771,11.8611650370138,149740297952.375,1133.88279681256,132059767.0,15.4335701862855,69.1901061883513,9.67258056201782,80.3857509910765,0.0317976469871324,9.18928021346834,0.720590411591821,3.75062055802087,2024.0,2024.0,2024.0,2024.0,2024.0,2024.0,2023.0,2023.0,2023.0,2023.0,2023.0,2023.0,2023.0,2023.0,2026-09-23
FIN,Finland,Europe & Central Asia,High income,2.9263489451501,41.9032366762925,41.5477928788049,298729432711.719,53155.5451165897,5619911.0,13.4841231002145,63.5326443725637,7.11351465795198,3.07855774999292,7.5318060893789,66.7498325260147,7.95818749984781,9.28522659633957,2024.0,2024.0,2024.0,2024.0,2024.0,2024.0,2024.0,2024.0,2024.0,2024.0,2024.0,2024.0,2024.0,2024.0,2026-09-23
FJI,Fiji,East Asia & Pacific,Upper middle income,3.41161017865705,54.4059095106187,64.5569713758079,5968125909.27126,6425.74151715712,928784.0,22.9779137072016,56.4879335247015,5.28185726571513,64.3265487889159,0.038792893748014,15.4866350047022,2.26797286248223,2.99874841417736,2024.0,2024.0,2024.0,2024.0,2024.0,2024.0,2024.0,2024.0,2024.0,2024.0,2024.0,2024.0,2024.0,2024.0,2026-09-23
FRA,France,Europe & Central Asia,High income,1.64700185498585,33.8897542343832,34.2184333099912,3160442622465.08,46103.0840855884,68551653.0,12.6680112174847,72.874227076784,1.01835910089622,13.3356372717843,4.40931574185064,78.0103124112614,2.39024182700127,23.1371073769038,2024.0,2024.0,2024.0,2024.0,2024.0,2024.0,2024.0,2024.0,2024.0,2024.0,2024.0,2024.0,2024.0,2024.0,2026-09-23
FRO,Faroe Islands,Europe & Central Asia,High income,,54.5562557930637,51.1965472445594,4052937169.76536,74175.2776311377,54640.0,,,,,,,,,,2024.0,2024.0,2024.0,2024.0,2024.0,,,,,,,,,2026-09-23
FSM,"Micronesia, Fed. Sts.",East Asia & Pacific,Upper middle income,,22.4475615608787,73.9938140340076,481121300.0,4251.69052668788,113160.0,,,,,,,,,,2024.0,2024.0,2024.0,2024.0,2024.0,,,,,,,,,2026-09-23
GAB,Gabon,Sub-Saharan Africa ,Upper middle income,5.47750591310442,64.5782984798737,27.4685070347277,20895684425.6752,8230.04311451151,2538952.0,6.88585907492956,76.4388201997214,3.85732777875465,0.94233636066199,53.9865618745688,17.7881597321256,23.3145469906779,1.77313570365975,2024.0,2024.0,2024.0,2024.0,2024.0,2024.0,2023.0,2023.0,2023.0,2023.0,2023.0,2023.0,2023.0,2023.0,2026-09-23
GBR,United Kingdom,Europe & Central Asia,High income,-0.350561573947678,31.0561435739375,31.7829084706465,3695539513534.15,53341.3131094262,69281000.0,10.1144068614397,61.6652751635021,0.494496675098902,6.66464200567159,8.57390412775903,60.8469978362938,4.54180165284014,29.233260009076,2024.0,2024.0,2024.0,2024.0,2024.0,2024.0,2024.0,2024.0,2024.0,2024.0,2024.0,2024.0,2024.0,2024.0,2026-09-23
GEO,Georgia,Europe & Central Asia,Upper middle income,4.68837816824546,47.8150660758993,55.6414053871245,34189423333.141,8967.67525638987,3812518.0,11.2142254930192,72.4320250601838,0.6957682151764,45.8512502670795,2.33702072065557,33.7193483226098,13.6105213577844,3.78381539474497,2024.0,2024.0,2024.0,2024.0,2024.0,2024.0,2024.0,2024.0,2024.0,2024.0,2024.0,2024.0,2024.0,2024.0,2026-09-23
GHA,Ghana,Sub-Saharan Africa ,Lower middle income,2.11980137105215,35.0557831990043,33.9110885619442,83288585604.0268,2419.2518672482,34427414.0,32.1037079226319,51.4645047372225,1.11581950206246,18.0590476821292,24.5298166225955,5.99032023082928,3.79789972324939,2.11003762211445,2024.0,2024.0,2024.0,2024.0,2024.0,2024.0,2023.0,2023.0,2023.0,2023.0,2023.0,2023.0,2023.0,2023.0,2026-09-23
GIB,Gibraltar,Europe & Central Asia,High income,,,,,,39329.0,,,,,,,,,,,,,,2024.0,,,,,,,,,2026-09-23
GIN,Guinea,Sub-Saharan Africa ,Lower middle income,5.60537419672253,41.3930067703478,56.3848109609781,25008678293.4073,1694.95375862185,14754785.0,13.7735180929444,58.4616057934489,1.75797663844155,4.3259011572241,0.466113470861431,3.71022287773368,25.8241585170912,0.899971742078623,2024.0,2024.0,2024.0,2024.0,2024.0,2024.0,2016.0,2016.0,2016.0,2016.0,2016.0,2016.0,2016.0,2016.0,2026-09-23
GMB,"Gambia, The",Sub-Saharan Africa ,Low income,9.66186336562045,8.74884228082436,33.4217749272191,2404888737.54853,871.340287547821,2759988.0,31.7361392582179,44.7066314019401,1.07214597363699,90.6643032470411,0.0,1.00954659138612,7.25401728860874,3.34757896376015,2024.0,2024.0,2024.0,2024.0,2024.0,2024.0,2024.0,2024.0,2024.0,2024.0,2024.0,2024.0,2024.0,2024.0,2026-09-23
GNB,Guinea-Bissau,Sub-Saharan Africa ,Low income,1.21259612687519,12.6982986406255,27.6736356160346,2197777209.94218,998.376093392688,2201352.0,17.4436453088128,38.5585681221593,31.4528282859997,68.5471717140003,0.00207808733428507,9.47363343571132e-05,,5.80645161290323,2024.0,2024.0,2024.0,2024.0,2024.0,2024.0,2018.0,2018.0,2018.0,2018.0,2015.0,2015.0,,2015.0,2026-09-23
GNQ,Equatorial Guinea,Sub-Saharan Africa ,Upper middle income,1.41848628768048,44.9766162904941,29.3128827424467,13254388261.1258,7003.58055684906,1892516.0,,,,,,,,,2024.0,2024.0,2024.0,2024.0,2024.0,2024.0,,,,,,,,,2026-09-23
GRC,Greece,Europe & Central Asia,High income,2.6312519942121,42.1116783220502,47.6648496225666,256238371778.118,24626.1481858973,10405134.0,26.2163296308702,54.5577513047362,1.32989715500965,21.6980865017661,30.247817424431,37.1239411127847,8.40665835134244,15.011494857431,2024.0,2024.0,2024.0,2024.0,2024.0,2024.0,2024.0,2024.0,2024.0,2024.0,2024.0,2024.0,2024.0,2024.0,2026-09-23
GRD,Grenada,Latin America & Caribbean ,Upper middle income,12.1312103836444,,,1351270370.37037,11528.9220811928,117207.0,16.5965858218328,56.1773852207911,0.257942620642159,69.1189336352033,0.000280506569057113,28.5605897976002,1.48030890168803,6.4434446202485,2024.0,,,2024.0,2024.0,2024.0,2024.0,2024.0,2024.0,2024.0,2024.0,2024.0,2024.0,2024.0,2026-09-23
GRL,Greenland,Europe & Central Asia,High income,,40.7986421686905,51.0914572688916,3326543974.39193,58498.9707973609,56836.0,16.4247289358715,59.9802530348558,0.00895759680352178,92.3440146133606,5.96039293306854e-05,4.4545396025233,0.103210288853998,1.70924920520931,,2023.0,2023.0,2023.0,2023.0,2024.0,2018.0,2018.0,2018.0,2018.0,2018.0,2018.0,2018.0,2018.0,2026-09-23
GTM,Guatemala,Latin America & Caribbean ,Upper middle income,1.63228788754296,15.8834632887959,31.4218348560856,113215575150.885,6150.89465281457,18406359.0,15.336723429783,64.376255526542,2.89885777119438,47.4957221104318,2.87685268224686,45.8962980633734,0.800281678243913,5.39604303984542,2024.0,2024.0,2024.0,2024.0,2024.0,2024.0,2024.0,2024.0,2024.0,2024.0,2024.0,2024.0,2024.0,2024.0,2026-09-23
GUM,Guam,East Asia & Pacific,High income,,7.88712011577424,63.9797395079595,6910000000.0,41833.1517132825,167777.0,,,,,,,,,,2022.0,2022.0,2022.0,2022.0,2024.0,,,,,,,,,2026-09-23
GUY,Guyana,Latin America & Caribbean ,High income,34.9900654897849,,,24662714628.2974,29675.2501582835,831087.0,14.7545982867418,76.1093718813548,0.0746879794818869,1.99406107270335,91.8941169807687,0.504973100033652,0.694800191106439,13.3341087055182,2024.0,,,2024.0,2024.0,2024.0,2024.0,2024.0,2024.0,2024.0,2024.0,2024.0,2024.0,2024.0,2026-09-23
HKG,"Hong Kong SAR, China",East Asia & Pacific,High income,30.8106332188954,181.62493830097,177.765724741209,408368682415.423,54274.7547767073,7524100.0,2.10520424813809,83.037620997768,0.0307288054098069,1.55192925879907,0.111838199290455,87.4051813645123,1.82537051234853,75.5706908349979,2024.0,2024.0,2024.0,2024.0,2024.0,2024.0,2024.0,2024.0,2024.0,2024.0,2024.0,2024.0,2024.0,2024.0,2026-09-23
HND,Honduras,Latin America & Caribbean ,Lower middle income,1.29157460831069,33.9216124364928,57.7477993509193,36980171442.0603,3415.96027916712,10825703.0,17.7967356339552,61.4602131186707,0.741945004815847,53.4958434446021,0.02883145069384,39.0613491532702,3.18629943072344,3.87334759570957,2024.0,2024.0,2024.0,2024.0,2024.0,2024.0,2024.0,2024.0,2024.0,2024.0,2024.0,2024.0,2024.0,2024.0,2026-09-23
HRV,Croatia,Europe & Central Asia,High income,4.87790164584768,50.1414353064432,54.7709679296898,92981894167.9687,24049.9441746337,3866200.0,15.543368408269,65.7902879874173,3.53812063115895,15.2060821389238,13.0917820766944,63.1018279659259,4.33865937994052,11.6739199311189,2024.0,2024.0,2024.0,2024.0,2024.0,2024.0,2024.0,2024.0,2024.0,2024.0,2024.0,2024.0,2024.0,2024.0,2026-09-23
HTI,Haiti,Latin America & Caribbean ,Lower middle income,0.0824597396111034,2.19043620968954,16.4643255688329,24255657481.2502,2060.35591768638,11772557.0,16.4782736307266,43.857539223102,0.210929069203595,16.4440430350328,0.0001049773608441,79.1219029339076,3.90329778217313,,2024.0,2024.0,2024.0,2024.0,2024.0,2024.0,2016.0,2016.0,2016.0,2016.0,2016.0,2016.0,2016.0,,2026-09-23
HUN,Hungary,Europe & Central Asia,High income,-27.5090725956422,76.1979120113902,71.7287545266774,222848211034.367,23305.4482514359,9562065.0,8.98926966958561,74.6320213945899,0.547382404249606,8.80827368231932,3.35037243793325,82.5074847597444,1.31939331705371,22.5745118826045,2024.0,2024.0,2024.0,2024.0,2024.0,2024.0,2024.0,2024.0,2024.0,2024.0,2024.0,2024.0,2024.0,2024.0,2026-09-23
IDN,Indonesia,East Asia & Pacific,Upper middle income,1.73855290316368,22.3096487702606,20.5002891005614,1396301788461.69,4925.43644992666,283487931.0,17.3140307897375,62.4384274596268,3.80606005088398,19.8211695211197,20.8482942182543,44.8599060940036,10.2519087023766,8.7110437578916,2024.0,2024.0,2024.0,2024.0,2024.0,2024.0,2024.0,2024.0,2024.0,2024.0,2024.0,2024.0,2024.0,2024.0,2026-09-23
IMN,Isle of Man,Europe & Central Asia,High income,,,,7576129932.79381,90015.2074234398,84160.0,,,,,,,,,,,,2023.0,2023.0,2024.0,,,,,,,,,2026-09-23
IND,India,South Asia,Lower middle income,0.721648483526777,22.0639816354399,23.8527091324349,3760813470500.86,2591.9916607122,1450935791.0,31.5419008927123,46.4544098481671,0.900284268232885,11.128054885403,17.094437885147,67.101487166827,3.68720358535662,18.5723946411049,2024.0,2024.0,2024.0,2024.0,2024.0,2024.0,2024.0,2024.0,2024.0,2024.0,2024.0,2024.0,2024.0,2024.0,2026-09-23
IRL,Ireland,Europe & Central Asia,High income,0.791076186083952,143.984601661031,102.18527319637,609157459747.205,112894.953240805,5395790.0,6.24952396853202,82.7086412173475,0.261382518009902,7.92642072110279,0.35300599772993,90.7469342081348,0.609748885370901,53.5184328432158,2024.0,2024.0,2024.0,2024.0,2024.0,2024.0,2024.0,2024.0,2024.0,2024.0,2024.0,2024.0,2024.0,2024.0,2026-09-23
IRN,"Iran, Islamic Rep.","Middle East, North Africa, Afghanistan & Pakistan",Upper middle income,0.304914200880697,23.5514720983508,28.5106585810839,475252089215.416,5190.16959024821,91567738.0,2.01147553606513,58.1104089277879,0.309954110755939,5.93159350718198,56.361512409332,31.3155329521183,6.07369800540942,0.814007923197325,2024.0,2024.0,2024.0,2024.0,2024.0,2024.0,2022.0,2022.0,2022.0,2022.0,2022.0,2022.0,2022.0,2022.0,2026-09-23
IRQ,Iraq,"Middle East, North Africa, Afghanistan & Pakistan",Upper middle income,-2.73525447039729,39.7635173537006,37.375421957139,279641257615.385,6073.61032342708,46042015.0,,,0.00981799984354276,0.000808881655654649,99.9864810010682,0.00288797799077078,,,2024.0,2024.0,2024.0,2024.0,2024.0,2024.0,,,2016.0,2016.0,2016.0,2016.0,,,2026-09-23
ISL,Iceland,Europe & Central Asia,High income,8.53649263499069,42.457252735894,43.7243265430341,33186621855.0053,85863.1479330343,386506.0,11.484222614767,66.8152899662923,0.528081877833576,43.9699049190464,1.9525495830387,18.3823821727663,34.306807912609,53.9722930663779,2024.0,2024.0,2024.0,2024.0,2024.0,2024.0,2024.0,2024.0,2024.0,2024.0,2024.0,2024.0,2024.0,2024.0,2026-09-23
ISR,Israel,"Middle East, North Africa, Afghanistan & Pakistan",High income,2.7251194069041,28.399007008222,25.9832493695112,542284494490.778,54216.5218142787,10002200.0,10.1731851484713,74.6001534371718,0.598590070884793,4.24995100148647,5.31969619319333,86.5973224988396,1.19930105964575,37.2335173751738,2024.0,2024.0,2024.0,2024.0,2024.0,2024.0,2024.0,2024.0,2024.0,2024.0,2022.0,2024.0,2024.0,2024.0,2026-09-23
ITA,Italy,Europe & Central Asia,High income,1.19623307999136,32.3350686402627,30.2575458513031,2383435562458.12,40429.6224047352,58952704.0,12.6587544270668,66.0803041792493,0.647055917941982,11.1710227960221,3.05293641850331,79.1912468287266,2.40552881733977,12.2827088504022,2024.0,2024.0,2024.0,2024.0,2024.0,2024.0,2024.0,2024.0,2024.0,2024.0,2024.0,2024.0,2024.0,2024.0,2026-09-23
JAM,Jamaica,Latin America & Caribbean ,Upper middle income,1.38581611857042,,,22014429050.9995,7753.8119527678,2839175.0,26.8717043216368,51.4226399369218,0.140788580810614,30.3866398719161,28.7976547528445,3.03502779080189,37.604098048612,2.64698979146794,2024.0,,,2024.0,2024.0,2024.0,2023.0,2023.0,2023.0,2023.0,2023.0,2023.0,2023.0,2023.0,2026-09-23
JOR,Jordan,"Middle East, North Africa, Afghanistan & Pakistan",Upper middle income,2.78862682935517,,,58618380563.3803,5073.92103605892,11552876.0,10.9133661875525,56.8543483932876,0.321300984416748,17.6417844465174,0.264858580668078,72.1005246596625,8.49611967128758,2.08415985427159,2024.0,,,2024.0,2024.0,2024.0,2024.0,2024.0,2024.0,2024.0,2024.0,2024.0,2024.0,2023.0,2026-09-23
JPN,Japan,East Asia & Pacific,High income,0.450454817292247,21.9799093698461,22.8730294879112,4190008188358.57,33797.1014287876,123975371.0,22.6849124457109,57.1256577716047,0.583336937791117,1.14784503058243,1.39430977776367,82.5019763656813,3.40853387907624,17.5547415163067,2024.0,2024.0,2024.0,2024.0,2024.0,2024.0,2024.0,2024.0,2024.0,2024.0,2024.0,2024.0,2024.0,2024.0,2026-09-23
KAZ,Kazakhstan,Europe & Central Asia,Upper middle income,0.71809281452939,31.5871636865516,25.5741795098408,291480274648.826,14154.6324958076,20592571.0,3.76647273010416,81.010605507901,0.301838463006161,6.10052571949475,56.7199106286709,20.8915061561968,15.4598535578386,42.19530029659,2024.0,2024.0,2024.0,2024.0,2024.0,2024.0,2024.0,2024.0,2024.0,2024.0,2024.0,2024.0,2024.0,2024.0,2026-09-23
KEN,Kenya,Sub-Saharan Africa ,Lower middle income,0.384924569449646,16.8549548908518,23.151298075842,120397537849.826,2133.46193404026,56432944.0,23.5371563835675,56.6381910048229,12.9437641682399,49.2307044642774,1.63087288958127,30.7255302645218,5.12139249435883,3.15003013612034,2024.0,2024.0,2024.0,2024.0,2024.0,2024.0,2024.0,2024.0,2024.0,2024.0,2024.0,2024.0,2024.0,2024.0,2026-09-23
KGZ,Kyrgyz Republic,Europe & Central Asia,Lower middle income,1.40593817941355,46.7710472091149,83.3296962999177,18161630698.9052,2514.81066933171,7221868.0,10.7176167722412,77.444108614119,0.986959725485491,10.0888853359267,7.31721333967097,33.397313701703,9.15208447252274,10.6711117431705,2024.0,2024.0,2024.0,2024.0,2024.0,2024.0,2024.0,2024.0,2024.0,2024.0,2024.0,2024.0,2024.0,2024.0,2026-09-23
KHM,Cambodia,East Asia & Pacific,Lower middle income,9.48089832015712,71.3635841655888,72.0834255374222,46352647037.2406,2627.87969756224,17638801.0,13.3434352077899,72.5178147180852,2.59602366865008,15.2293598703288,0.00124288090530598,78.0878216479432,2.32384862542691,5.26214140574212,2024.0,2024.0,2024.0,2024.0,2024.0,2024.0,2024.0,2024.0,2024.0,2024.0,2024.0,2024.0,2024.0,2024.0,2026-09-23
KIR,Kiribati,East Asia & Pacific,Lower middle income,2.35252841903892,4.51592634986162,97.5944998148223,343153235.077124,2550.98377226188,134518.0,12.5368775405368,43.0132674205493,0.00169231692628313,97.2211591964789,0.0166411164417841,2.09440014585515,0.602701750126473,2.29693114054698,2024.0,2024.0,2024.0,2024.0,2024.0,2024.0,2021.0,2021.0,2021.0,2021.0,2021.0,2021.0,2021.0,2021.0,2026-09-23
KNA,St. Kitts and Nevis,Latin America & Caribbean ,High income,3.74957950139418,,,1122388888.88889,23960.6534357084,46843.0,0.693391438344141,71.0729744325698,0.121580900262997,13.4822844594712,0.0268583062948506,86.3670967446326,0.00218395725279318,34.6026368990477,2024.0,,,2024.0,2024.0,2024.0,2017.0,2017.0,2017.0,2017.0,2017.0,2017.0,2017.0,2017.0,2026-09-23
KOR,"Korea, Rep.",East Asia & Pacific,High income,0.685857996519477,44.3582383593234,40.2842567598803,1875388209406.8,36238.639908315,51751065.0,25.6591897286102,60.1073364940026,0.798024442603699,1.62783431239529,7.70232630112563,87.2877868115765,2.40115103484146,36.2582559366674,2024.0,2024.0,2024.0,2024.0,2024.0,2024.0,2024.0,2024.0,2024.0,2024.0,2024.0,2024.0,2024.0,2024.0,2026-09-23
KWT,Kuwait,"Middle East, North Africa, Afghanistan & Pakistan",High income,0.381956730773215,55.7559768271522,38.2349394412597,160903106639.233,32855.7209688827,4897263.0,0.558315899817561,73.1991179940832,0.0329341451982657,0.643698120626151,90.7321487415169,8.12166476644187,0.129047853313013,5.82777648932315,2024.0,2024.0,2024.0,2024.0,2024.0,2024.0,2024.0,2024.0,2024.0,2024.0,2024.0,2024.0,2024.0,2024.0,2026-09-23
LAO,Lao PDR,East Asia & Pacific,Lower middle income,5.98958863567394,33.209427456122,41.8824634642904,16502933121.3379,2123.97909415109,7769819.0,18.8198612715176,61.6556876668964,10.3443748546534,23.2332990831131,1.82681289929622,32.77841815538,20.1790222280288,7.41963729583454,2024.0,2016.0,2016.0,2024.0,2024.0,2024.0,2023.0,2023.0,2023.0,2023.0,2023.0,2023.0,2023.0,2023.0,2026-09-23
LBN,Lebanon,"Middle East, North Africa, Afghanistan & Pakistan",Lower middle income,7.09437049742925,23.3165495276514,58.9158109340607,25971643441.3408,4473.27134441128,5805962.0,25.751092648947,39.9892951593439,0.471078253755533,19.0922829601444,7.70940000965568,55.6161182925359,9.34050438527481,2.89591276881506,2024.0,2024.0,2024.0,2024.0,2024.0,2024.0,2024.0,2024.0,2024.0,2024.0,2024.0,2024.0,2024.0,2024.0,2026-09-23
LBR,Liberia,Sub-Saharan Africa ,Low income,9.86626133953545,,,4779300900.0,851.497723870206,5612817.0,31.7718187978539,42.7651853016021,63.7030677905837,24.4632706892066,1.8414552089698,9.90032430882369,0.060568928284225,0.643718596498284,2024.0,,,2024.0,2024.0,2024.0,2023.0,2023.0,2023.0,2023.0,2023.0,2023.0,2023.0,2023.0,2026-09-23
LBY,Libya,"Middle East, North Africa, Afghanistan & Pakistan",Upper middle income,1.80500147243983,71.7293179684166,65.7818127187367,48487151215.345,6569.16408678648,7381023.0,13.1447030667713,62.6871487225588,0.0281835949677998,0.101978879707161,94.4050188673453,0.635804261498225,0.710524366427344,0.604680774692483,2023.0,2024.0,2024.0,2024.0,2024.0,2024.0,2019.0,2019.0,2019.0,2019.0,2019.0,2019.0,2019.0,2019.0,2026-09-23
LCA,St. Lucia,Latin America & Caribbean ,Upper middle income,7.16313123587196,,,2605148148.14815,14493.658470648,179744.0,11.4246950967098,56.962043237984,2.66732588966629,41.6256432051622,3.40129879745195,45.8867854502033,5.53904086850376,9.33224017462958,2024.0,,,2024.0,2024.0,2024.0,2020.0,2020.0,2020.0,2020.0,2020.0,2020.0,2020.0,2020.0,2026-09-23
LIE,Liechtenstein,Europe & Central Asia,High income,-1303.10826691135,,,8905764270.4054,220167.225473557,40450.0,,,,,,,,,2018.0,,,2024.0,2024.0,2024.0,,,,,,,,,2026-09-23
LKA,Sri Lanka,South Asia,Upper middle income,0.764077754153862,19.7559774138192,22.3636324192921,99616111265.7633,4545.36006870612,21916000.0,21.5232501567459,59.6962553620561,2.70921266695468,27.2544945444433,3.43981418083681,66.0267548015367,0.566958693554718,1.53793971540437,2024.0,2024.0,2024.0,2024.0,2024.0,2024.0,2024.0,2024.0,2024.0,2024.0,2024.0,2024.0,2024.0,2024.0,2026-09-23
LSO,Lesotho,Sub-Saharan Africa ,Lower middle income,-0.525747492760171,49.4056446644915,103.068744438614,2391282547.80028,1023.04227681523,2337423.0,15.3279368245863,59.1571923063167,5.14838321275106,23.3047025383273,0.0200440072118683,70.0568202207919,1.45669819893022,0.0895832496967832,2024.0,2024.0,2024.0,2024.0,2024.0,2024.0,2024.0,2024.0,2024.0,2024.0,2024.0,2024.0,2024.0,2024.0,2026-09-23
LTU,Lithuania,Europe & Central Asia,High income,5.49705606704886,73.9407258792654,68.4791843455245,85503938573.5664,29603.7772588256,2888278.0,17.9743417617232,62.3790592806522,2.45520626031704,19.0256528184841,14.0701332953485,60.6076083073292,1.85501572595526,17.3245506640985,2024.0,2024.0,2024.0,2024.0,2024.0,2024.0,2024.0,2024.0,2024.0,2024.0,2024.0,2024.0,2024.0,2024.0,2026-09-23
LUX,Luxembourg,Europe & Central Asia,High income,113.622225285264,191.532970187611,159.734950965581,93279851863.4062,137781.681659123,677012.0,7.46717436398013,65.1688530193023,0.635148940603537,11.7863752684791,0.123247093741778,80.4379864311328,4.29982018624819,5.0736120319212,2024.0,2024.0,2024.0,2024.0,2024.0,2024.0,2024.0,2024.0,2024.0,2024.0,2024.0,2024.0,2024.0,2024.0,2026-09-23
LVA,Latvia,Europe & Central Asia,High income,3.44085977034145,64.8634107408094,66.4461716549595,44001275012.6141,23578.9663562625,1866124.0,11.0372318695582,61.478230291095,10.9691285955571,22.6252466208603,7.00435280229489,55.1256461153446,1.78688571916691,17.4901914812882,2024.0,2024.0,2024.0,2024.0,2024.0,2024.0,2024.0,2024.0,2024.0,2024.0,2024.0,2024.0,2024.0,2024.0,2026-09-23
MAC,"Macao SAR, China",East Asia & Pacific,High income,3.82364491952989,92.1896066002616,49.889827950498,49467258923.3244,72004.7437020733,687000.0,3.87222363296414,71.6813907829029,0.408785558205904,17.7516014339851,0.0,39.1856222517875,32.8331615369533,0.0,2024.0,2024.0,2024.0,2024.0,2024.0,2024.0,2024.0,2024.0,2024.0,2024.0,2023.0,2024.0,2024.0,2024.0,2026-09-23
MAF,St. Martin (French part),Latin America & Caribbean ,High income,,,,649206262.847519,21668.3776525323,26129.0,,,,,,,,,,,,2021.0,2021.0,2024.0,,,,,,,,,2026-09-23
MAR,Morocco,"Middle East, North Africa, Afghanistan & Pakistan",Lower middle income,1.08850441035779,41.9985232956684,50.188721310572,160610994054.734,4153.1943359375,38081173.0,11.8267590738376,68.6793984876729,0.580239910520813,12.5218573798343,0.759031246462188,82.8914217589117,3.15160489702946,5.43070567261144,2024.0,2024.0,2024.0,2024.0,2024.0,2024.0,2024.0,2024.0,2024.0,2024.0,2024.0,2024.0,2024.0,2023.0,2026-09-23
MCO,Monaco,Europe & Central Asia,High income,,,,11125788838.2812,288001.574856495,38631.0,,,,,,,,,,,,2024.0,2024.0,2024.0,,,,,,,,,2026-09-23
MDA,Moldova,Europe & Central Asia,Upper middle income,2.51754698286646,31.5677994316927,57.3246384476637,18206842140.7615,7578.90216348853,2402306.0,17.3653284186824,64.8879772890482,0.389961376516134,56.1088580639776,2.38321762869108,38.709568795508,2.30971292114317,2.92514721596985,2024.0,2024.0,2024.0,2024.0,2024.0,2024.0,2024.0,2024.0,2024.0,2024.0,2024.0,2024.0,2024.0,2024.0,2026-09-23
MDG,Madagascar,Sub-Saharan Africa ,Low income,3.44577112659577,24.0079179466347,33.5291033827388,17592832696.1336,550.37875528856,31964956.0,18.8436059997335,58.8658260339826,1.57232520991453,30.4735063722727,2.55012561538512,32.2727775025771,32.8646357716195,0.958835172179217,2024.0,2024.0,2024.0,2024.0,2024.0,2024.0,2024.0,2024.0,2024.0,2024.0,2024.0,2024.0,2024.0,2024.0,2026-09-23
MDV,Maldives,South Asia,Upper middle income,11.416720004027,78.214216540835,78.2597392001761,7061608267.25451,13379.3513577224,527799.0,20.8210939897083,53.748617910039,0.0184021603380977,94.3539614153214,0.10188003814864,1.23902469437476,4.28673601995497,0.00227056785155377,2024.0,2024.0,2024.0,2024.0,2024.0,2024.0,2024.0,2024.0,2024.0,2024.0,2024.0,2024.0,2024.0,2024.0,2026-09-23
MEX,Mexico,Latin America & Caribbean ,Upper middle income,2.48429388161511,37.2836162309013,38.1422853106055,1830489311088.89,13988.0423745241,130861007.0,6.19834035429965,75.6027567573587,0.135646100617182,8.53132801779315,4.49492353677104,79.0221236924605,2.07437256506146,19.3037596613987,2024.0,2024.0,2024.0,2024.0,2024.0,2024.0,2024.0,2024.0,2024.0,2024.0,2024.0,2024.0,2024.0,2024.0,2026-09-23
MHL,Marshall Islands,East Asia & Pacific,Upper middle income,4.68730725530449,37.1929824561403,81.0526315789474,285000000.0,7590.28443592202,37548.0,,,,,,,,,2024.0,2024.0,2024.0,2024.0,2024.0,2024.0,,,,,,,,,2026-09-23
MKD,North Macedonia,Europe & Central Asia,Upper middle income,6.23445071550033,61.6792037479617,74.6456724275939,16951682221.3962,9291.8566035502,1824359.0,11.7518514241678,64.5471830404916,0.485247004268308,10.6437939960023,3.46090673198231,80.6008199892405,4.69084691478699,6.3599119716616,2024.0,2024.0,2024.0,2024.0,2024.0,2024.0,2024.0,2024.0,2024.0,2024.0,2024.0,2024.0,2024.0,2024.0,2026-09-23
MLI,Mali,Sub-Saharan Africa ,Low income,3.44170555566452,22.325419474237,27.4410652161804,26761281076.7658,1093.2523323649,24478595.0,36.2630278592849,49.3088496035618,8.41194986648113,6.16572092381273,1.57868932302188,6.45346905403495,0.734126231592023,5.3606547607953,2024.0,2024.0,2024.0,2024.0,2024.0,2024.0,2023.0,2023.0,2023.0,2023.0,2023.0,2023.0,2023.0,2023.0,2026-09-23
MLT,Malta,"Middle East, North Africa, Afghanistan & Pakistan",High income,170.053519530959,118.481460190952,99.2488124927064,25042712191.3281,44023.6341078148,568847.0,21.2291748161557,65.2304359888241,0.146131764700027,9.66482394348357,10.0847170807725,76.398506982508,0.677896282605602,45.179167089137,2024.0,2024.0,2024.0,2024.0,2024.0,2024.0,2024.0,2024.0,2024.0,2024.0,2024.0,2024.0,2024.0,2024.0,2026-09-23
MMR,Myanmar,East Asia & Pacific,Lower middle income,1.47879223317634,,,74068349523.8095,1359.05001560107,54500091.0,36.2388104824028,52.5511608699624,3.28685621784547,36.6707843923698,21.9570193842403,35.6535453388644,2.43179309201462,5.19991999790977,2024.0,,,2024.0,2024.0,2024.0,2024.0,2024.0,2024.0,2024.0,2024.0,2024.0,2024.0,2024.0,2026-09-23
MNE,Montenegro,Europe & Central Asia,Upper middle income,7.24450579243955,43.7470829634338,66.1970215175412,8274290505.96367,13270.1824401005,623525.0,10.4670227786235,63.6876899395175,6.37893512592322,16.8444611565394,25.2784229867546,35.0794692329519,16.4157801794885,14.4622662813729,2024.0,2024.0,2024.0,2024.0,2024.0,2024.0,2024.0,2024.0,2024.0,2024.0,2024.0,2024.0,2024.0,2024.0,2026-09-23
MNG,Mongolia,East Asia & Pacific,Upper middle income,11.6924984371367,68.7165627140568,69.7318164271926,23794540024.5132,6750.6301157724,3524788.0,22.9056738907149,65.3270996783854,2.70848197810823,3.33847813154935,61.1123302589933,1.71407144891239,26.2663019687269,22.5365545669935,2024.0,2024.0,2024.0,2024.0,2024.0,2024.0,2023.0,2023.0,2023.0,2023.0,2023.0,2023.0,2023.0,2023.0,2026-09-23
MNP,Northern Mariana Islands,East Asia & Pacific,High income,,22.2627737226277,70.8941605839416,1096000000.0,23785.754590043,44278.0,,,,,,,,,,2022.0,2022.0,2022.0,2022.0,2024.0,,,,,,,,,2026-09-23
MOZ,Mozambique,Sub-Saharan Africa ,Low income,15.4210115464394,42.822299687441,52.8080979760881,22752244245.473,656.976148587772,34631766.0,21.3176355219055,55.9642596164194,0.385291565245104,12.3291966861245,58.9003236000415,4.60956789986995,23.2777710502032,3.6302648420799,2024.0,2024.0,2024.0,2024.0,2024.0,2024.0,2024.0,2024.0,2024.0,2024.0,2024.0,2024.0,2024.0,2024.0,2026-09-23
MRT,Mauritania,Sub-Saharan Africa ,Lower middle income,13.2389288029166,41.4108312054046,52.1880043827425,10879212033.4823,2104.54260769051,5169395.0,34.714707134872,40.771860573896,0.241439220749537,25.5160194490114,0.520317315307166,0.509907399460122,33.7483319050619,9.44834081238425,2024.0,2024.0,2024.0,2024.0,2024.0,2024.0,2024.0,2024.0,2024.0,2024.0,2024.0,2024.0,2024.0,2024.0,2026-09-23
MUS,Mauritius,Sub-Saharan Africa ,Upper middle income,4.56067539257877,67.1108899609862,78.3089226863971,14938055690.3609,11990.9355434317,1245779.0,21.6254587882767,54.1929712302948,0.634368690888828,50.9276342215605,0.000627714235244367,46.0677791046823,2.28264807314074,1.21703538647261,2024.0,2024.0,2024.0,2024.0,2024.0,2024.0,2024.0,2024.0,2024.0,2024.0,2024.0,2024.0,2024.0,2024.0,2026-09-23
MWI,Malawi,Sub-Saharan Africa ,Low income,2.28053083149593,11.2855606151277,30.6182590333958,11311971400.3864,522.365366146003,21655286.0,16.4553421488919,68.1185848981142,0.918865120762054,90.1811336591516,0.00487544410740339,8.04521369960243,0.849897159593092,1.64552794448662,2024.0,2024.0,2024.0,2024.0,2024.0,2024.0,2024.0,2024.0,2024.0,2024.0,2024.0,2024.0,2024.0,2024.0,2026-09-23
MYS,Malaysia,East Asia & Pacific,Upper middle income,3.6930953933026,71.3410849829908,66.0214861785682,422227005428.688,11874.4273684245,35557673.0,16.3359568881093,66.8998651099253,1.25365419098266,10.2193540750371,14.4033158188559,69.7825556725704,3.6968299912749,58.6276748543331,2024.0,2024.0,2024.0,2024.0,2024.0,2024.0,2024.0,2024.0,2024.0,2024.0,2024.0,2024.0,2024.0,2024.0,2026-09-23
NAM,Namibia,Sub-Saharan Africa ,Lower middle income,14.1844922069439,41.0651913141848,66.9360001520054,13641190683.4641,4501.84849548225,3030131.0,15.8698537415937,60.4369293310245,1.88037251427254,27.9549156495062,1.28285602218848,18.3720657548859,32.2873344750115,0.117288080576373,2024.0,2024.0,2024.0,2024.0,2024.0,2024.0,2024.0,2024.0,2024.0,2024.0,2024.0,2024.0,2024.0,2024.0,2026-09-23
NCL,New Caledonia,East Asia & Pacific,High income,8.48945728851914,11.6947134994698,28.6742442311771,8548919387.12607,29213.1923192946,292639.0,22.2937659534291,56.4581095469963,0.357920352791302,1.35940366636933,0.0110083934387515,59.0459741175102,37.7519607832418,5.267295899888,2024.0,2024.0,2024.0,2024.0,2024.0,2024.0,2015.0,2015.0,2015.0,2015.0,2015.0,2015.0,2015.0,2015.0,2026-09-23
NER,Niger,Sub-Saharan Africa ,Low income,1.81493836603542,8.99782940205197,15.391116806791,19729786046.7618,729.856664168989,27032412.0,12.8037029715253,47.5263277108038,0.254736156920561,4.06596710875088,87.9926998279359,7.25113271667378,0.0225744207288111,8.61766309210248,2024.0,2024.0,2024.0,2024.0,2024.0,2024.0,2024.0,2024.0,2024.0,2024.0,2024.0,2024.0,2024.0,2024.0,2026-09-23
NGA,Nigeria,Sub-Saharan Africa ,Lower middle income,0.639824358730627,,,252261880140.271,1084.16041805058,232679478.0,37.9573777611274,45.9693025241779,0.354505973278251,5.99717680633405,88.6153186443478,3.52723173090386,1.22423135300286,2.71167186435579,2024.0,,,2024.0,2024.0,2024.0,2024.0,2024.0,2024.0,2024.0,2024.0,2024.0,2024.0,2024.0,2026-09-23
NIC,Nicaragua,Latin America & Caribbean ,Lower middle income,6.86575238184716,40.986351560247,58.1597135297009,19696311850.3289,2847.87639497305,6916140.0,12.8141488164522,68.6176300598644,0.575693675050555,42.5897840391538,0.738619250103537,36.9711684565089,1.12278358190894,0.596452227371355,2024.0,2024.0,2024.0,2024.0,2024.0,2024.0,2024.0,2024.0,2024.0,2024.0,2024.0,2024.0,2024.0,2024.0,2026-09-23
NLD,Netherlands,Europe & Central Asia,High income,-1.40518243891316,82.4976839942829,71.4586065803986,1213936238063.28,67465.3208126875,17993485.0,16.4476108211872,64.688552539778,2.79434681211531,16.4140963578601,12.6812336694305,62.7874941001413,2.34432343327845,23.4680052763745,2024.0,2024.0,2024.0,2024.0,2024.0,2024.0,2024.0,2024.0,2024.0,2024.0,2024.0,2024.0,2024.0,2024.0,2026-09-23
NOR,Norway,Europe & Central Asia,High income,2.42254685844836,46.3794958458439,33.2001409769285,500886328034.123,89888.9535204758,5572279.0,6.51478105552746,72.2034732402545,0.706729869681616,10.2021414107223,65.5240372734242,15.0737576737158,5.22612607802498,25.4139359384172,2024.0,2024.0,2024.0,2024.0,2024.0,2024.0,2024.0,2024.0,2024.0,2024.0,2024.0,2024.0,2024.0,2024.0,2026-09-23
NPL,Nepal,South Asia,Lower middle income,0.131412557108071,7.55423347172655,32.6157766909588,43298911699.9284,1460.28237984149,29651054.0,22.9689802047485,52.5350355753062,1.62694833173806,49.3877614636353,0.000422001355639369,47.5151762006836,1.44460468329415,0.617520704475872,2024.0,2024.0,2024.0,2024.0,2024.0,2024.0,2022.0,2022.0,2022.0,2022.0,2022.0,2022.0,2022.0,2022.0,2026-09-23
NRU,Naoero,East Asia & Pacific,High income,-3.48330107219992,53.515625,107.03125,167833414.846177,14048.163961344,11947.0,,,,,,,,,2024.0,2024.0,2024.0,2024.0,2024.0,2024.0,,,,,,,,,2026-09-23
NZL,New Zealand,East Asia & Pacific,High income,0.672983751329456,24.7052588214056,25.9555076213797,261497198363.906,49432.3626396797,5290000.0,13.3487643591915,70.0677432201316,9.69168577528491,67.0556972706148,1.11148609161885,15.8196294237654,3.30880641293208,12.9670750449435,2024.0,2024.0,2024.0,2024.0,2024.0,2024.0,2024.0,2024.0,2024.0,2024.0,2024.0,2024.0,2024.0,2024.0,2026-09-23
OMN,Oman,"Middle East, North Africa, Afghanistan & Pakistan",High income,11.6351181598926,66.072566156431,48.7801054403878,107137198699.61,20285.2272765262,5281538.0,23.8809021515357,53.1625745652366,0.0199460259498345,3.31430116076618,77.1995042110729,13.7937375027775,5.47963321487277,5.00539346096146,2024.0,2024.0,2024.0,2024.0,2024.0,2024.0,2024.0,2024.0,2024.0,2024.0,2024.0,2024.0,2024.0,2023.0,2026-09-23
PAK,Pakistan,"Middle East, North Africa, Afghanistan & Pakistan",Lower middle income,0.716885239403099,10.3855031331012,17.1798277774783,371747087751.306,1479.47755241191,251269164.0,31.5307261348732,46.1310579997615,1.59667123225194,24.3942752136613,1.71807476906982,67.9426222765588,4.33562939812151,2.43815248015808,2024.0,2024.0,2024.0,2024.0,2024.0,2024.0,2024.0,2024.0,2024.0,2024.0,2024.0,2024.0,2024.0,2024.0,2026-09-23
PAN,Panama,Latin America & Caribbean ,High income,2.41063281860388,44.3578422661429,39.3159365958787,86523959100.0,19161.218843129,4515577.0,19.9706022981097,60.207687311875,4.69301415303623,73.5560083911676,1.00720752711517,10.9309355998486,9.59331459466598,1.7673082163249,2024.0,2024.0,2024.0,2024.0,2024.0,2024.0,2024.0,2024.0,2024.0,2024.0,2024.0,2024.0,2024.0,2024.0,2026-09-23
PER,Peru,Latin America & Caribbean ,Upper middle income,2.29780708272736,28.8839339520309,22.7972140350108,291751523018.903,8526.29665719783,34217848.0,16.4056216157555,68.2184770468219,0.630394991286568,21.2372405497592,5.71895551475461,7.41282618696859,47.7744538607891,5.21372377596414,2024.0,2024.0,2024.0,2024.0,2024.0,2024.0,2024.0,2024.0,2024.0,2024.0,2024.0,2024.0,2024.0,2024.0,2026-09-23
PHL,Philippines,East Asia & Pacific,Upper middle income,2.03571882251572,25.7369806583516,40.1268077299236,461671157904.74,3985.29464669706,115843670.0,14.972492315058,65.2424804294422,1.08555437214318,10.4099228645121,1.25811696364744,77.2100342054306,7.50901105484672,60.975307025875,2024.0,2024.0,2024.0,2024.0,2024.0,2024.0,2024.0,2024.0,2024.0,2024.0,2024.0,2024.0,2024.0,2024.0,2026-09-23
PLW,Palau,East Asia & Pacific,High income,21.4868990824119,32.6986673415734,73.113288241571,321501812.5,18169.0767165866,17695.0,24.0665369075848,50.8178993445927,0.15041339032965,88.7250391722078,0.45891123655713,9.01314571504533,2.11141332212338,51.6836869301107,2024.0,2024.0,2024.0,2024.0,2024.0,2024.0,2018.0,2018.0,2018.0,2018.0,2017.0,2018.0,2018.0,2018.0,2026-09-23
PNG,Papua New Guinea,East Asia & Pacific,Lower middle income,-0.64380460730506,,,30803971189.4102,2912.4914068385,10576502.0,16.9725932258559,64.7490439551161,2.63812690974419,19.7229396571942,42.6494855424319,1.84462882305687,29.8008015088604,10.2480784684723,2024.0,,,2024.0,2024.0,2024.0,2023.0,2023.0,2023.0,2023.0,2023.0,2023.0,2023.0,2023.0,2026-09-23
POL,Poland,Europe & Central Asia,High income,2.24523191798779,52.1798133919011,48.1796294552629,917767106146.761,25103.565661423,36559233.0,7.58922167826352,76.6188914441689,0.977116380177164,14.9160299629559,2.58269731161847,78.0601288941223,3.20228542082086,13.5099699026858,2024.0,2024.0,2024.0,2024.0,2024.0,2024.0,2024.0,2024.0,2024.0,2024.0,2024.0,2024.0,2024.0,2024.0,2026-09-23
PRI,Puerto Rico (US),Latin America & Caribbean ,High income,,51.8769700552116,42.7455385003489,126029527033.705,39353.2242360643,3202521.0,,,,,,,,,,2024.0,2024.0,2024.0,2024.0,2024.0,,,,,,,,,2026-09-23
PRK,"Korea, Dem. People's Rep.",East Asia & Pacific,Low income,,,,,,26498823.0,,,,,,,,,,,,,,2024.0,,,,,,,,,2026-09-23
PRT,Portugal,Europe & Central Asia,High income,4.29974090969256,45.8196856112127,43.8418780958391,313656884870.859,29328.3067415343,10694681.0,10.766556940363,69.768589695576,2.10631474198908,14.3637924369306,6.97069976539579,73.5349578583362,2.58903250022659,6.77343918950435,2024.0,2024.0,2024.0,2024.0,2024.0,2024.0,2024.0,2024.0,2024.0,2024.0,2024.0,2024.0,2024.0,2024.0,2026-09-23
PRY,Paraguay,Latin America & Caribbean ,Upper middle income,2.45295029321833,37.7135431058066,39.3808953481131,44738819362.3269,6456.60723068562,6929153.0,13.1111917875656,76.7644298429299,1.7958698327095,69.2691482088543,10.8893279718454,16.1949609473441,1.49687210638199,10.5004049492786,2024.0,2024.0,2024.0,2024.0,2024.0,2024.0,2024.0,2024.0,2024.0,2024.0,2024.0,2024.0,2024.0,2024.0,2026-09-23
PSE,West Bank and Gaza,"Middle East, North Africa, Afghanistan & Pakistan",Lower middle income,1.01253497329187,21.8525432511909,52.7355480773433,16016900000.0,3028.25481286981,5289152.0,21.1903465189919,45.9361278825331,0.763068238375391,21.3953024551424,0.0859853021575194,63.3233160547246,14.4323282782474,1.84344953927492,2024.0,2024.0,2024.0,2024.0,2024.0,2024.0,2023.0,2023.0,2023.0,2023.0,2023.0,2023.0,2023.0,2023.0,2026-09-23
PYF,French Polynesia,East Asia & Pacific,High income,-0.219284661446365,18.3213723539379,46.1474942154353,6323716355.05009,22439.8838746025,281807.0,0.373790847157299,39.4059646255575,0.77082403798577,15.8203323171701,0.0345127528179326,43.3972356947947,0.000692171557321636,1.92522086808869,2024.0,2024.0,2024.0,2024.0,2024.0,2024.0,2024.0,2024.0,2024.0,2024.0,2022.0,2024.0,2024.0,2024.0,2026-09-23
QAT,Qatar,"Middle East, North Africa, Afghanistan & Pakistan",High income,0.212749202349259,68.5984131738821,31.6152340257357,216294505494.505,75685.0865779973,2857822.0,6.19519486962221,74.3650401554566,0.0211879781484561,0.107295442188746,83.7597865976017,11.5533555194475,2.49497468125356,2.80655334313522,2024.0,2022.0,2022.0,2024.0,2024.0,2024.0,2024.0,2024.0,2024.0,2024.0,2024.0,2024.0,2024.0,2024.0,2026-09-23
ROU,Romania,Europe & Central Asia,High income,1.87134949618788,35.6030266999465,41.6119570939538,382564217988.866,20080.2096215595,19051804.0,8.20692076990993,77.2472750588679,0.885000538083248,11.5407084070835,4.87639833165149,79.3386516271954,2.68710025626505,13.4497511493721,2024.0,2024.0,2024.0,2024.0,2024.0,2024.0,2024.0,2024.0,2024.0,2024.0,2024.0,2024.0,2024.0,2024.0,2026-09-23
RUS,Russian Federation,Europe & Central Asia,High income,-0.427643327459558,21.8563659146375,17.5620399669048,2186462268813.08,14961.8974609375,143669648.0,0.775995923832277,79.7535840766555,2.31391840595649,6.58356390019312,43.1468587746174,22.1259534734508,7.40377266771173,9.72984772707015,2024.0,2024.0,2024.0,2024.0,2024.0,2024.0,2021.0,2021.0,2021.0,2021.0,2021.0,2021.0,2021.0,2021.0,2026-09-23
RWA,Rwanda,Sub-Saharan Africa ,Low income,3.79145567191588,28.4212300769621,43.2655768779151,15111064181.9687,1059.93709298801,14256567.0,15.332553606977,50.0358110867906,0.791717935169733,27.2372546452418,0.06254493579927,10.3808341953264,20.9179316429293,4.78472979585672,2024.0,2024.0,2024.0,2024.0,2024.0,2024.0,2022.0,2022.0,2022.0,2022.0,2022.0,2022.0,2022.0,2022.0,2026-09-23
SAU,Saudi Arabia,"Middle East, North Africa, Afghanistan & Pakistan",High income,1.70136894275871,29.3880027930942,27.0169346216948,1254140800000.0,35527.786181866,35300280.0,5.65008152666347,70.4830196776625,0.258731909471938,1.94621730852082,79.3976376511523,15.9011704419368,1.88115150595924,0.544002126713625,2024.0,2024.0,2024.0,2024.0,2024.0,2024.0,2024.0,2024.0,2024.0,2024.0,2024.0,2024.0,2024.0,2024.0,2026-09-23
SDN,Sudan,Sub-Saharan Africa ,Low income,1.37399372870934,0.720930190156301,1.27448191209378,49672435513.1126,984.607666015625,50448963.0,12.8595474043697,56.0124434609558,7.7666334349751,50.552021443844,14.3046984999341,1.10851397095938,0.686044401891745,2.20240348221045,2023.0,2024.0,2024.0,2024.0,2024.0,2024.0,2018.0,2018.0,2018.0,2018.0,2018.0,2018.0,2018.0,2018.0,2026-09-23
SEN,Senegal,Sub-Saharan Africa ,Lower middle income,6.26804204995863,25.4821491435337,42.7542018877528,32169996051.8502,1738.73223822106,18501984.0,31.525943618789,46.3556392825912,0.839244693085823,21.588386801499,32.7114577390774,22.2699279795821,7.85005360318967,3.0439766592332,2024.0,2024.0,2024.0,2024.0,2024.0,2024.0,2024.0,2024.0,2024.0,2024.0,2024.0,2024.0,2024.0,2024.0,2026-09-23
SGP,Singapore,East Asia & Pacific,High income,23.5787255966584,174.655854525978,138.643522676429,572877260178.427,94896.5621495988,6036860.0,19.0872608524441,70.8769413696853,0.356883779236349,2.78280702472232,11.1356295723316,74.5333403482399,0.731093287901306,59.429782938503,2024.0,2024.0,2024.0,2024.0,2024.0,2024.0,2024.0,2024.0,2024.0,2024.0,2024.0,2024.0,2024.0,2024.0,2026-09-23
SLB,Solomon Islands,East Asia & Pacific,Lower middle income,2.08128126058924,40.5685062735727,70.7844658806318,1583964703.75061,1933.55538435227,819198.0,16.8484738424401,59.8983142560074,73.2897342325011,20.148573441407,5.00466251375634e-06,2.21865224889048,3.77957939916417,1.35922325473902,2024.0,2024.0,2024.0,2024.0,2024.0,2024.0,2018.0,2018.0,2018.0,2018.0,2017.0,2018.0,2018.0,2018.0,2026-09-23
SLE,Sierra Leone,Sub-Saharan Africa ,Low income,1.74699628470852,17.2656483673859,23.2797967049279,6971127234.07241,806.654650274255,8642022.0,1.12466265635566,63.9437454597163,9.4328913027291,45.6396884535491,0.143317650742994,25.0755958987319,19.708507181177,0.736114020377876,2024.0,2024.0,2024.0,2024.0,2024.0,2024.0,2018.0,2018.0,2018.0,2018.0,2018.0,2018.0,2018.0,2018.0,2026-09-23
SLV,El Salvador,Latin America & Caribbean ,Upper middle income,3.01317166597907,32.6598571720595,53.0227154854696,34879730000.0,5503.10317151907,6338193.0,14.8291561761418,61.9654714497521,0.723125007351107,22.9391179128466,5.00115993975647,70.0059873824203,1.27838950619101,5.47333119441725,2024.0,2024.0,2024.0,2024.0,2024.0,2024.0,2024.0,2024.0,2024.0,2024.0,2024.0,2024.0,2024.0,2024.0,2026-09-23
SMR,San Marino,Europe & Central Asia,High income,-0.893473147832222,185.992797278666,154.990602838686,2027243193.5116,59871.3288101478,33977.0,,,,,,,,,2023.0,2023.0,2023.0,2023.0,2023.0,2024.0,,,,,,,,,2026-09-23
SOM,"Somalia, Fed. Rep.",Sub-Saharan Africa ,Low income,6.39257959388318,31.2108297819002,99.1142308013704,11967000000.0,629.538899449007,19009151.0,,,,,,,,,2024.0,2024.0,2024.0,2024.0,2024.0,2024.0,,,,,,,,,2026-09-23
SRB,Serbia,Europe & Central Asia,Upper middle income,6.20235039860679,53.5837667090226,58.1412616798937,90088366320.4062,13677.7794863909,6586476.0,,,,,,,,,2024.0,2024.0,2024.0,2024.0,2024.0,2024.0,,,,,,,,,2026-09-23
SSD,South Sudan,Sub-Saharan Africa ,Low income,0.0012502291294692,36.6513492804707,28.8999999040295,11997800760.2242,1080.14718624765,11943408.0,,,,,,,,,2015.0,2015.0,2015.0,2015.0,2015.0,2024.0,,,,,,,,,2026-09-23
STP,Sao Tome and Principe,Sub-Saharan Africa ,Lower middle income,-2.02206346182182,15.5622080265962,28.7167044552041,824992558.045383,3502.6176807171,235536.0,29.2784424515327,37.0990056298745,0.143120609180463,98.21041550523,0.00914873174701748,1.46466513262894,0.181792712332166,29.2734328924522,2024.0,2024.0,2024.0,2024.0,2024.0,2024.0,2023.0,2023.0,2023.0,2023.0,2022.0,2023.0,2023.0,2023.0,2026-09-23
SUR,Suriname,Latin America & Caribbean ,Upper middle income,15.0817654468923,,,4416775112.72266,6961.78956060258,634431.0,12.8734701454815,70.651784002696,5.95398012775044,6.37349407166884,3.1404327843252,9.0820866551408,3.9843319988084,10.3729916697731,2024.0,,,2024.0,2024.0,2024.0,2024.0,2024.0,2024.0,2024.0,2024.0,2024.0,2024.0,2024.0,2026-09-23
SVK,Slovak Republic,Europe & Central Asia,High income,3.55503662060591,85.4834989561279,85.729301195507,140934076532.375,25992.6748502048,5422069.0,8.13625787703698,80.7225994791664,0.725069805093074,4.67261365790365,3.9692718459897,88.609509712884,1.74565593994345,10.5935553645599,2024.0,2024.0,2024.0,2024.0,2024.0,2024.0,2024.0,2024.0,2024.0,2024.0,2024.0,2024.0,2024.0,2024.0,2026-09-23
SVN,Slovenia,Europe & Central Asia,High income,2.5587649173879,80.9173894920357,74.740539192438,72972015197.3859,34301.0318686594,2127400.0,6.87786384583881,83.0157913288664,1.06207008169291,3.68360179773472,4.65788147025927,87.3761840985591,3.02692030138335,8.34338034336379,2024.0,2024.0,2024.0,2024.0,2024.0,2024.0,2024.0,2024.0,2024.0,2024.0,2024.0,2024.0,2024.0,2024.0,2026-09-23
SWE,Sweden,Europe & Central Asia,High income,5.0794723229992,54.4971396815443,51.4703526317996,604827393488.582,57222.7100565003,10569709.0,10.3394400951158,68.4554989189961,3.62121124483224,6.71210891523292,7.12163407305459,72.6043050286132,5.53625805390112,17.6524551082203,2024.0,2024.0,2024.0,2024.0,2024.0,2024.0,2024.0,2024.0,2024.0,2024.0,2024.0,2024.0,2024.0,2024.0,2026-09-23
SWZ,Eswatini,Sub-Saharan Africa ,Lower middle income,1.55448906259813,53.7558918717287,53.7247291821506,4858885840.77236,3909.55892378182,1242822.0,18.703917943106,58.0755809922415,6.16729407334149,29.6977974071694,3.59794524294311,59.8243153083819,0.606121284662495,0.285307158606886,2024.0,2024.0,2024.0,2024.0,2024.0,2024.0,2023.0,2023.0,2023.0,2023.0,2023.0,2023.0,2023.0,2023.0,2026-09-23
SXM,Sint Maarten (Dutch part),Latin America & Caribbean ,High income,2.06435551530026,,,1797836648.04469,41472.5870367865,43350.0,,,,,,,,,2024.0,,,2024.0,2024.0,2024.0,,,,,,,,,2026-09-23
SYC,Seychelles,Sub-Saharan Africa ,High income,10.1468739688419,80.5778845619345,95.2950980513264,2228608684.29911,18364.5259678223,121354.0,20.4471796843364,51.8052156181404,0.056599904925488,85.8752553608626,0.0,0.328695682578043,13.7185316539041,0.0899054165105232,2024.0,2024.0,2024.0,2024.0,2024.0,2024.0,2024.0,2024.0,2024.0,2024.0,2024.0,2024.0,2024.0,2024.0,2026-09-23
SYR,Syrian Arab Republic,"Middle East, North Africa, Afghanistan & Pakistan",Low income,,6.7771895571266,28.6600525880316,23737634644.3994,1056.78264718197,24672760.0,,,,,,,,,,2022.0,2022.0,2022.0,2022.0,2024.0,,,,,,,,,2026-09-23
TCA,Turks and Caicos Islands,Latin America & Caribbean ,High income,2.5209301366237,,,1745378000.0,37506.7798431288,46535.0,,,,,,,,,2024.0,,,2024.0,2024.0,2024.0,,,,,,,,,2026-09-23
TCD,Chad,Sub-Saharan Africa ,Low income,5.12132130084841,27.6855627406623,16.8703726440801,19906706689.7582,980.668312111718,20299123.0,,,,,,,,,2024.0,2024.0,2024.0,2024.0,2024.0,2024.0,,,,,,,,,2026-09-23
TGO,Togo,Sub-Saharan Africa ,Lower middle income,0.786914262545951,24.5820517950579,35.3471259066848,10643440332.2445,1266.08777721447,8406558.0,15.1662509384785,64.947276515032,5.07468299471573,33.0459371924196,1.82642001645616,39.3051866570538,20.7477406306692,0.681948279595617,2024.0,2023.0,2023.0,2024.0,2024.0,2024.0,2024.0,2024.0,2024.0,2024.0,2024.0,2024.0,2024.0,2024.0,2026-09-23
THA,Thailand,East Asia & Pacific,Upper middle income,2.70165281834265,69.6726291658353,66.0523066719304,529385520941.539,7386.63615126055,71668011.0,16.9016555305963,65.766689591537,4.00308967273164,14.7199616966765,3.42247697644995,72.1338694193379,2.78898927714551,28.3057768762254,2024.0,2024.0,2024.0,2024.0,2024.0,2024.0,2024.0,2024.0,2024.0,2024.0,2024.0,2024.0,2024.0,2024.0,2026-09-23
TJK,Tajikistan,Europe & Central Asia,Lower middle income,2.01948198566107,11.2126477768242,47.8772838528243,14425113699.7925,1362.02559981695,10590927.0,5.09397501520934,61.8753565103913,16.1619096248011,5.22655112519882,8.01704211635926,17.8106748705177,52.7838225011079,15.2077910112936,2024.0,2024.0,2024.0,2024.0,2024.0,2024.0,2023.0,2023.0,2023.0,2023.0,2023.0,2023.0,2023.0,2023.0,2026-09-23
TKM,Turkmenistan,Europe & Central Asia,Upper middle income,3.71704110413,17.5725615007301,11.1619622404447,44249447717.2312,5904.25772576512,7494498.0,,,,,,,,,2024.0,2024.0,2024.0,2024.0,2024.0,2024.0,,,,,,,,,2026-09-23
TLS,Timor-Leste,East Asia & Pacific,Lower middle income,12.0853687045097,10.5575525825886,84.8909504280014,1865608515.41321,1331.9705130185,1400638.0,21.1980056418024,49.5591000533865,0.228148829483447,10.4763990410188,67.3710544691603,21.8607202366528,0.063626117225633,1.52605032155587,2024.0,2024.0,2024.0,2024.0,2024.0,2024.0,2023.0,2023.0,2023.0,2023.0,2023.0,2023.0,2023.0,2023.0,2026-09-23
TON,Tonga,East Asia & Pacific,Upper middle income,-1.86561431411564,16.8991227673575,60.6803482440612,647488243.847291,6215.38990974121,104175.0,16.3969348106364,53.763730656081,0.584901511705739,30.9274561573158,0.00849687157590321,67.522401071779,0.95672762850806,28.4602948799521,2024.0,2024.0,2024.0,2024.0,2024.0,2024.0,2023.0,2023.0,2023.0,2023.0,2023.0,2023.0,2023.0,2023.0,2026-09-23
TTO,Trinidad and Tobago,Latin America & Caribbean ,High income,-1.76782828873977,,,25633544529.4849,18733.4110406494,1368333.0,15.2543098711462,61.9360317453869,0.0283976799837051,8.2042318731316,31.3102540191418,59.0890627788272,0.773937569548522,0.223696636088891,2024.0,,,2024.0,2024.0,2024.0,2024.0,2024.0,2024.0,2024.0,2024.0,2024.0,2024.0,2024.0,2026-09-23
TUN,Tunisia,"Middle East, North Africa, Afghanistan & Pakistan",Lower middle income,1.47747574805229,50.0016900287054,56.2968591755414,51412122479.8468,4187.64079392362,12277109.0,18.7802982787949,63.7327348380371,0.26442746894532,14.712356609845,6.23208030817829,77.2585928942879,1.52690825348576,7.70110744284105,2024.0,2024.0,2024.0,2024.0,2024.0,2024.0,2024.0,2024.0,2024.0,2024.0,2024.0,2024.0,2024.0,2023.0,2026-09-23
TUR,Turkiye,Europe & Central Asia,Upper middle income,0.860701598247461,27.5682232095509,27.0305829100406,1359123768774.12,15892.7157287241,85518661.0,8.64780686121678,60.7527350022727,0.639232316835774,12.2786228424908,6.16442555598186,73.6372238350301,4.29374178896157,5.13775956987065,2024.0,2024.0,2024.0,2024.0,2024.0,2024.0,2024.0,2024.0,2024.0,2024.0,2024.0,2024.0,2024.0,2024.0,2026-09-23
TUV,Tuvalu,East Asia & Pacific,Upper middle income,0.454748363534884,,,56752265.8012166,5883.50257114002,9646.0,,,,,,,,,2024.0,,,2024.0,2024.0,2024.0,,,,,,,,,2026-09-23
TZA,Tanzania,Sub-Saharan Africa ,Lower middle income,2.16767805172059,19.7325494051531,21.5755574597037,79235713444.9777,1192.60668945313,68560157.0,19.855548846494,68.3192475042685,2.50200306362268,37.38883915761,2.24873032924646,10.7843820692305,5.64619619149418,3.00569275084221,2024.0,2024.0,2024.0,2024.0,2024.0,2024.0,2024.0,2024.0,2024.0,2024.0,2024.0,2024.0,2024.0,2024.0,2026-09-23
UGA,Uganda,Sub-Saharan Africa ,Low income,6.04170465908871,16.7575931152554,25.8951957936008,53911907079.0485,1077.91278438613,50015092.0,15.6725044455644,47.2772979562852,1.36908557280592,39.3034202942322,2.32497095855221,14.2804251355036,0.711051042553324,1.91593833437355,2024.0,2024.0,2024.0,2024.0,2024.0,2024.0,2024.0,2024.0,2024.0,2024.0,2024.0,2024.0,2024.0,2024.0,2026-09-23
UKR,Ukraine,Europe & Central Asia,Upper middle income,2.10549664352154,29.6719973021423,50.0164700870853,190833835445.1,5391.62255859375,37860221.0,12.5781788325658,66.4782316050417,1.75714189643337,58.6934533708002,0.482782438375426,30.476703847856,8.18038486628225,6.37028789775054,2024.0,2024.0,2024.0,2024.0,2024.0,2024.0,2024.0,2024.0,2024.0,2024.0,2024.0,2024.0,2024.0,2024.0,2026-09-23
URY,Uruguay,Latin America & Caribbean ,High income,-4.78198682520397,28.2349014551456,23.2233223003309,82322859144.2816,24308.4954958447,3386588.0,14.2293095741799,69.5608469394303,14.1110837575285,65.3158952074284,1.30632945581964,18.8855365781654,0.331132184653809,9.84178975855216,2024.0,2024.0,2024.0,2024.0,2024.0,2024.0,2024.0,2024.0,2024.0,2024.0,2024.0,2024.0,2024.0,2024.0,2026-09-23
USA,United States,North America,High income,1.01391858895004,10.97469647515,14.0413208226783,29298013000000.0,86169.6641581917,340003797.0,7.47933820850955,78.367195749918,1.63272658915774,9.45041427880191,18.3113039630256,55.6527057342541,2.87778686360623,24.322982844202,2024.0,2024.0,2024.0,2024.0,2024.0,2024.0,2024.0,2024.0,2024.0,2024.0,2024.0,2024.0,2024.0,2024.0,2026-09-23
UZB,Uzbekistan,Europe & Central Asia,Lower middle income,2.45125129042312,21.5670052817339,35.9625379735638,121356065241.228,3337.45492058664,36361859.0,11.2109370717331,71.9334737904679,1.18941294740687,11.4325457008419,6.52845706509898,28.955209717622,8.10048140248817,1.73386305963966,2024.0,2024.0,2024.0,2024.0,2024.0,2024.0,2024.0,2024.0,2024.0,2024.0,2024.0,2024.0,2024.0,2024.0,2026-09-23
VCT,St. Vincent and the Grenadines,Latin America & Caribbean ,Upper middle income,12.0060314102276,,,1157207407.40741,11501.2265187188,100616.0,10.1407269808235,61.2945838490214,0.237195350643671,72.5053396773012,0.0296524826098655,26.6210983810941,0.575679248473049,4.93442861881868,2024.0,,,2024.0,2024.0,2024.0,2023.0,2023.0,2023.0,2023.0,2023.0,2023.0,2023.0,2023.0,2026-09-23
VEN,"Venezuela, RB",Latin America & Caribbean ,Lower middle income,1.35409801107577,16.7350337150912,9.5023548582854,120566112397.063,4244.45723136019,28405543.0,,,,,,,,,2024.0,2024.0,2024.0,2024.0,2024.0,2024.0,,,,,,,,,2026-09-23
VGB,British Virgin Islands,Latin America & Caribbean ,High income,,,,,,39471.0,,,,,,,,,,,,,,2024.0,,,,,,,,,2026-09-23
VIR,Virgin Islands (U.S.),Latin America & Caribbean ,High income,,97.3672945205479,108.26198630137,4672000000.0,44320.909185774,104377.0,,,,,,,,,,2022.0,2022.0,2022.0,2022.0,2024.0,,,,,,,,,2026-09-23
VNM,Viet Nam,East Asia & Pacific,Upper middle income,4.23450755062236,90.1662693374998,83.7189908785716,476324572783.807,4716.6599379632,100987686.0,7.87575327181325,74.6903863302035,1.90086966976382,9.36226903673916,0.952923330798285,84.9709673202796,1.11053745518843,44.256885251682,2024.0,2024.0,2024.0,2024.0,2024.0,2024.0,2023.0,2023.0,2023.0,2023.0,2023.0,2023.0,2023.0,2023.0,2026-09-23
VUT,Vanuatu,East Asia & Pacific,Lower middle income,2.22365213685823,25.3486432492193,48.0348610922539,1297956614.77783,3959.87703462363,327777.0,,,,,,,,,2024.0,2024.0,2024.0,2024.0,2024.0,2024.0,,,,,,,,,2026-09-23
WSM,Samoa,East Asia & Pacific,Upper middle income,0.318181346491415,30.6578702799178,48.8662772836279,1175749785.65113,5392.87761915762,218019.0,19.4340932970493,47.9500399346115,0.392911111214484,24.7506471048432,33.2644249125196,39.4494029674324,1.31501150839331,76.6700641079328,2024.0,2024.0,2024.0,2024.0,2024.0,2024.0,2024.0,2024.0,2024.0,2024.0,2024.0,2024.0,2024.0,2024.0,2026-09-23
XKX,Kosovo,Europe & Central Asia,Upper middle income,7.67480496325567,41.7483529574305,72.0412990067022,11203038332.3359,7026.6988128325,1594353.0,,,,,,,,,2024.0,2024.0,2024.0,2024.0,2024.0,2024.0,,,,,,,,,2026-09-23
YEM,"Yemen, Rep.","Middle East, North Africa, Afghanistan & Pakistan",Low income,-1.30563839823089,8.75610238271449,47.3217203387932,21606160663.0318,633.887202451545,40583164.0,28.4156695085047,31.4199629466182,0.0171672017012874,99.2851482821471,0.145219187999619,0.552500724444113,0.0,4.82928415383478,2018.0,2018.0,2018.0,2018.0,2018.0,2024.0,2019.0,2019.0,2019.0,2019.0,2019.0,2019.0,2019.0,2015.0,2026-09-23
ZAF,South Africa,Sub-Saharan Africa ,Upper middle income,0.580891709673066,31.7919070646303,29.8548634083947,401144998373.585,6267.186814093,64007187.0,19.4234393329532,60.6773576855653,2.08691904838528,12.190433761255,9.60851603889865,39.1485975095287,29.1712554651673,5.70923344153222,2024.0,2024.0,2024.0,2024.0,2024.0,2024.0,2024.0,2024.0,2024.0,2024.0,2024.0,2024.0,2024.0,2024.0,2026-09-23
ZMB,Zambia,Sub-Saharan Africa ,Lower middle income,9.32437789659637,34.9818727491304,27.5530146573139,25303185342.2511,1187.10943350064,21314956.0,22.9348804021921,64.4480863333062,0.4234075815646,8.74864770469916,2.72110717813148,14.1094032201952,72.9899534292382,1.4719428559393,2024.0,2024.0,2024.0,2024.0,2024.0,2024.0,2024.0,2024.0,2024.0,2024.0,2024.0,2024.0,2024.0,2024.0,2026-09-23
ZWE,Zimbabwe,Sub-Saharan Africa ,Lower middle income,1.12093172517355,18.0564211017017,23.4475316221799,41521975830.2351,2496.15514995576,16634373.0,21.125590188411,58.3255391560205,0.924333640787096,21.5964506491141,2.9112150677223,6.68935691201239,33.8441587265371,2.79801736625087,2024.0,2024.0,2024.0,2024.0,2024.0,2024.0,2024.0,2024.0,2024.0,2024.0,2024.0,2024.0,2024.0,2024.0,2026-09-23
