county_fips,median_household_income,median_age,population,avg_household_size
01131,54300.0,44.3,45102,2.45
01203,49200.0,43.2,72962,2.17
01211,53200.0,31.2,79715,2.79
01271,54500.0,38.1,36496,2.64
01274,34300.0,40.3,114910,3.24
01357,53800.0,35.3,191327,2.53
01397,52900.0,30.7,19294,2.63
01473,67800.0,32.6,44012,2.63
01493,50800.0,46.5,109466,2.71
01557,45100.0,33.0,10424,2.31
01647,54400.0,39.2,20550,2.53
01665,52700.0,38.2,13516,2.76
01723,50800.0,38.2,44671,2.47
02112,54500.0,37.4,3335,2.75
02194,64600.0,42.9,130652,2.57
02226,60800.0,39.2,48396,2.65
02285,64100.0,35.9,51479,2.84
02346,72600.0,39.3,1999,2.49
02364,59900.0,32.6,8568,2.19
02446,64000.0,41.4,138623,2.48
02471,70900.0,35.6,22134,2.34
02506,63600.0,35.9,4038,2.02
02604,89500.0,41.6,34330,2.52
02643,68200.0,37.0,56788,2.6
02659,54800.0,37.2,48274,2.81
02934,58400.0,44.8,22801,2.27
04083,57500.0,34.1,93819,2.57
04257,58600.0,41.5,12429,2.83
04316,70800.0,43.7,48732,2.41
04319,56000.0,44.8,31211,2.68
04343,63000.0,49.9,23239,2.95
04408,76300.0,35.8,17732,2.08
04438,61300.0,34.7,18436,2.62
04569,72000.0,43.1,27875,2.84
04684,50900.0,43.7,19497,2.46
05001,48700.0,35.0,60257,2.9
05041,44000.0,41.4,14919,2.71
05090,54700.0,52.6,151013,2.99
05108,42700.0,39.5,14204,2.7
05161,70600.0,43.6,74020,3.01
05321,37200.0,46.9,77617,2.63
05366,62200.0,51.5,32288,2.21
05505,59900.0,40.2,29273,2.39
05643,54800.0,45.3,12066,2.8
05654,52500.0,35.1,15233,2.8
05674,68700.0,39.1,34261,2.47
05689,74200.0,36.8,25600,3.0
05770,50100.0,29.6,98853,2.46
05875,53400.0,31.0,16317,2.67
05904,47000.0,41.2,17440,2.66
05972,41500.0,41.2,4310,2.22
06037,70200.0,33.8,54605,2.52
06050,68200.0,46.8,49441,3.15
06147,51500.0,33.5,78810,2.32
06375,70100.0,40.3,83850,2.71
06478,68500.0,36.9,64077,2.26
06482,60600.0,39.5,67119,2.32
06524,60000.0,43.5,52632,2.2
06529,69800.0,42.8,62349,2.79
06542,80500.0,42.5,3547,2.33
06544,69600.0,41.9,8024,2.87
06585,73000.0,32.6,6704,2.42
08134,58500.0,44.7,108792,2.58
08259,62300.0,33.7,11370,2.65
08348,71500.0,38.5,13560,2.15
08397,53800.0,37.2,27101,2.6
08453,67900.0,40.8,6850,2.64
08501,70400.0,36.6,40888,2.84
08611,65700.0,38.2,2583,2.31
08638,68900.0,47.1,7367,2.35
09186,68500.0,32.5,33480,2.71
09212,62400.0,39.0,6865,2.9
09449,57400.0,33.4,112311,2.4
09614,67200.0,42.4,28308,2.24
09671,79700.0,35.4,93459,2.47
09678,77200.0,39.2,39883,2.3
09745,64900.0,32.4,26552,2.65
09756,64700.0,45.5,8989,2.28
09772,64000.0,39.4,74762,2.79
09805,64000.0,39.7,43712,2.6
09845,70600.0,43.1,266496,2.8
09883,77500.0,32.7,66919,1.94
09895,88400.0,35.9,17376,2.11
09931,60500.0,39.9,36989,2.87
10030,57900.0,30.2,42802,2.37
10112,56900.0,30.7,96689,2.18
10176,49000.0,34.9,115158,2.5
10265,42800.0,33.3,22513,2.61
10355,54500.0,37.3,7065,2.51
10447,71100.0,41.6,3501,2.67
10500,54400.0,42.7,7681,2.63
10725,44900.0,48.0,14031,2.62
10745,50600.0,38.9,140754,2.89
10841,41700.0,39.8,143122,2.55
10863,52200.0,38.9,77356,2.54
10882,58200.0,40.6,104135,2.75
10977,45800.0,41.0,12356,2.69
12002,28000.0,43.6,5080,2.32
12038,54500.0,43.6,8891,2.53
12071,47500.0,41.6,2869,2.66
12182,45200.0,46.6,7900,2.4
12215,45200.0,39.1,15421,2.42
12252,55600.0,35.9,32318,2.2
12300,48300.0,36.8,31226,1.83
12334,60400.0,38.5,12599,2.46
12627,60600.0,33.6,50304,2.58
12843,49600.0,35.9,12868,2.28
12855,47300.0,33.3,27202,2.89
12968,53100.0,40.7,7935,2.29
12995,50700.0,40.8,89102,2.78
13045,36200.0,30.2,27527,2.65
13215,69200.0,35.7,56767,3.09
13685,58400.0,48.1,7060,2.68
13820,47800.0,42.1,32593,2.19
13848,34800.0,41.3,50492,2.81
16066,64400.0,35.7,2841,2.97
16131,60700.0,40.4,97237,2.11
16133,65500.0,38.9,6806,2.71
16137,46500.0,35.0,33928,2.77
16149,61700.0,36.5,192235,2.5
16157,62300.0,36.6,76910,1.94
16286,64300.0,31.6,5224,2.48
16454,63900.0,32.4,22118,2.4
16668,66500.0,38.0,104482,2.93
16736,79700.0,34.8,10955,2.53
16745,61400.0,37.5,18108,2.45
16759,57800.0,31.0,17559,2.4
16868,50500.0,43.0,50365,2.63
16874,61400.0,49.4,4961,2.56
16915,53400.0,44.1,53569,2.35
16966,74600.0,44.7,13561,2.62
17061,57100.0,42.1,26570,2.41
17125,66500.0,40.3,21008,1.9
17284,71200.0,39.4,52039,2.72
17359,50200.0,34.4,26288,2.69
17520,54900.0,42.5,131200,2.6
17567,70000.0,42.2,79887,2.44
17618,59700.0,36.7,11217,2.53
17627,62700.0,41.6,120792,2.75
17740,67300.0,35.5,38229,2.39
17839,66100.0,35.8,32431,2.76
17852,61700.0,42.9,68393,2.18
18166,70600.0,41.2,8559,2.59
18234,57400.0,37.8,5899,2.56
18237,62700.0,37.3,27652,2.8
18372,56400.0,39.9,13809,2.32
18581,67200.0,29.8,263311,2.35
18759,51700.0,35.2,11606,2.2
18841,42900.0,32.7,28121,2.41
18877,63900.0,39.1,33228,2.61
19027,48800.0,44.4,104235,2.1
19126,47900.0,41.4,9009,2.44
19151,69400.0,36.4,4568,2.7
19170,66700.0,35.5,124726,2.52
19228,54900.0,35.2,29395,2.57
19259,30600.0,49.0,65560,2.17
19344,62800.0,39.3,69035,2.52
19471,64000.0,40.0,83534,2.56
19589,62700.0,28.4,17754,2.51
19653,62200.0,33.1,13176,2.59
19691,56400.0,38.8,2993,2.47
19919,54300.0,36.5,9006,2.44
19996,48000.0,39.7,28807,2.29
20003,51700.0,39.6,12437,2.79
20004,60900.0,42.0,7670,2.24
20018,61000.0,29.7,28437,2.59
20019,65100.0,33.5,117858,3.0
20030,45300.0,38.5,25296,2.83
20059,43100.0,35.8,7738,2.68
20068,54600.0,37.4,109061,2.61
20225,48800.0,39.5,11481,2.52
20296,59700.0,35.3,136941,2.32
20305,46200.0,40.0,20142,2.49
20315,68600.0,41.7,30135,2.69
20350,50600.0,39.3,149789,2.65
20379,72300.0,42.6,6084,2.75
20397,62700.0,28.1,8475,2.85
20518,48500.0,36.1,18785,2.51
20554,76900.0,43.5,23064,2.6
20685,60400.0,34.7,492021,2.08
20687,59500.0,34.0,10129,3.11
20697,57400.0,38.4,6408,2.45
20713,62200.0,38.9,9610,2.71
21024,56700.0,36.3,34730,2.45
21116,44200.0,48.2,46223,2.44
21250,50100.0,40.4,12360,2.49
21273,53000.0,34.5,27533,2.24
21327,57200.0,31.8,228599,1.93
21439,57400.0,41.0,27964,2.84
21527,53500.0,34.4,38296,2.69
21536,47000.0,49.8,214891,2.32
21651,46600.0,41.1,12484,2.66
21658,41300.0,41.8,11617,2.76
21699,57300.0,40.2,16048,2.38
21703,46500.0,44.6,15052,2.65
21775,50300.0,27.0,3630,2.8
21922,54100.0,33.0,31313,2.19
22025,52000.0,44.2,34154,2.68
22039,51900.0,46.5,21929,2.64
22211,43900.0,32.8,35320,3.02
22304,54400.0,29.9,35736,2.69
22732,49200.0,39.8,6325,2.45
22755,51200.0,41.4,36957,2.48
22847,62400.0,39.7,49730,3.06
22863,56500.0,38.7,4643,2.46
22864,46900.0,29.7,134515,2.7
22868,50700.0,37.1,6909,2.49
22881,66400.0,37.9,7692,2.82
22911,49200.0,36.3,33596,2.83
22969,52400.0,29.4,48444,2.54
22988,58000.0,41.9,63287,2.45
23070,69900.0,43.3,49866,2.44
23075,64600.0,35.0,15189,2.12
23085,61300.0,38.1,30316,2.58
23187,67900.0,36.5,18990,2.57
23444,73900.0,36.6,32588,2.35
23476,79900.0,41.5,29007,2.09
23522,54800.0,41.6,15438,2.6
23615,83900.0,44.4,18362,2.63
23637,65400.0,44.3,3507,2.65
23806,76300.0,38.1,67047,2.3
23974,61400.0,53.2,37321,2.65
24019,37500.0,46.7,2127,2.51
24126,40200.0,35.7,64375,2.77
24145,49000.0,39.6,25379,2.31
24156,56700.0,29.1,9600,2.84
24195,52300.0,39.1,8708,2.93
24284,49700.0,47.4,12619,2.58
24397,62100.0,52.9,9656,2.65
24459,52000.0,38.4,11194,2.75
24549,54500.0,40.7,174678,2.29
24622,80000.0,42.0,40467,2.43
24675,51900.0,48.9,252612,2.6
24682,45700.0,34.1,34486,3.06
24813,56300.0,52.3,50878,2.25
25015,74600.0,37.4,10211,2.96
25021,70700.0,33.1,22363,2.5
25066,69400.0,37.4,24591,2.54
25081,81300.0,35.0,53215,2.85
25114,80200.0,41.1,25478,3.06
25150,66900.0,30.7,39595,2.66
25190,62200.0,39.7,38066,2.84
25295,71900.0,42.3,19281,2.32
25340,62200.0,46.4,17219,2.42
25356,76000.0,42.4,12889,2.21
25423,71800.0,46.1,88480,2.42
25684,92000.0,36.0,19290,2.69
26157,71300.0,41.0,38630,2.6
26236,48300.0,27.9,22647,2.98
26302,53300.0,38.4,86585,3.06
26475,40800.0,40.9,3020,2.52
26512,38800.0,41.4,37544,2.38
26553,59000.0,31.1,6766,2.84
26592,47300.0,37.0,41348,2.87
26839,72800.0,37.7,22898,2.66
26853,68400.0,36.9,5291,2.73
26874,55600.0,42.6,39003,2.69
26928,55000.0,37.9,34427,2.3
26948,71400.0,39.5,20861,2.25
27041,73400.0,36.6,23980,2.54
27147,49600.0,44.3,32134,2.5
27371,48400.0,44.7,98326,2.62
27375,55300.0,37.5,19039,2.52
27408,61900.0,53.3,81989,2.12
27489,53400.0,35.2,25817,2.02
27619,62100.0,44.0,111894,2.73
27723,75600.0,34.2,20772,2.38
27756,45300.0,42.9,12927,2.49
27831,54000.0,42.5,8043,2.41
27861,45500.0,33.9,25921,2.32
27876,50500.0,38.3,11243,2.32
27891,55300.0,48.3,126113,2.8
27933,51500.0,34.9,10318,2.49
28110,56700.0,41.0,12594,2.71
28201,53400.0,40.7,50980,2.74
28271,54700.0,38.8,99148,2.63
28275,49200.0,30.3,60123,2.75
28287,50100.0,43.1,86211,2.55
28303,48800.0,39.1,24631,2.89
28413,49800.0,44.5,25016,2.76
28446,55800.0,40.2,245962,2.79
28503,34700.0,39.3,172697,2.32
28577,54600.0,40.9,59019,2.62
28723,44200.0,34.1,90877,2.09
28768,49000.0,46.8,69174,2.9
28802,37900.0,37.1,7140,2.39
29020,54800.0,37.2,25755,2.43
29110,60500.0,45.5,139588,2.21
29138,62100.0,40.2,59419,2.54
29154,47300.0,37.8,25086,2.48
29183,61700.0,41.1,141440,3.01
29187,68300.0,42.1,40386,2.76
29201,53600.0,38.4,61768,2.42
29303,58000.0,43.6,40619,2.13
29314,39400.0,32.6,48790,1.98
29439,49900.0,40.3,52783,2.29
29613,60400.0,43.0,112380,2.22
29729,66600.0,42.1,129696,2.64
29810,52600.0,27.8,16380,2.51
29914,82000.0,38.4,39778,2.55
29918,60800.0,32.9,108892,2.31
30082,54500.0,45.4,23278,2.59
30168,77600.0,37.0,6375,2.19
30246,54700.0,44.9,9902,2.53
30306,69000.0,32.9,10684,2.76
30400,57600.0,41.0,16253,2.46
30415,53800.0,39.0,11839,2.66
30430,74700.0,52.8,83451,2.06
30446,63700.0,44.9,19841,2.04
30491,81500.0,44.6,107712,2.63
30566,56800.0,49.1,7760,2.81
30579,52000.0,40.4,18240,2.49
30590,61700.0,38.5,30173,3.09
30726,92000.0,37.9,65626,2.19
30778,73500.0,40.6,94655,2.38
30792,71000.0,25.1,14881,2.59
30855,71300.0,39.0,80239,2.67
30900,61600.0,40.1,4230,2.4
30921,90600.0,38.2,70155,2.29
30976,70100.0,31.3,6154,2.71
31052,61300.0,38.3,43972,2.58
31053,66900.0,31.3,93163,2.46
31118,46500.0,47.9,71393,2.67
31180,50100.0,37.7,4433,2.52
31257,55800.0,28.7,16449,2.52
31273,66900.0,38.0,59197,2.51
31741,46300.0,43.5,57361,2.34
31823,57400.0,39.9,36444,2.32
31938,56100.0,34.4,2388,2.42
32072,51800.0,35.6,100494,2.56
32308,61400.0,37.6,122258,2.08
32428,70900.0,36.8,32213,2.79
32443,52700.0,32.7,34594,2.55
32616,78700.0,38.7,46787,2.28
32658,70200.0,32.3,134120,2.95
32708,69100.0,43.7,35440,2.56
33072,68100.0,44.4,21801,2.22
33256,58200.0,34.0,40932,2.94
33257,62200.0,35.4,26576,2.89
33263,71300.0,36.9,26911,2.32
33283,62100.0,38.8,3857,2.47
33388,69700.0,40.3,47816,2.44
33403,59900.0,41.3,97597,2.08
33723,72100.0,41.2,82653,2.63
33772,72700.0,46.8,76580,2.76
33968,53400.0,39.3,25380,2.71
34153,68600.0,32.5,31579,2.56
34182,54300.0,31.0,99762,2.79
34254,51300.0,47.2,69849,2.27
34384,62700.0,41.5,137998,3.0
34404,93200.0,40.0,12836,2.36
34448,75000.0,41.2,12748,2.38
34478,80500.0,39.8,18661,2.41
34508,73500.0,41.2,9534,2.39
34530,69800.0,37.1,6288,2.5
34536,76100.0,44.3,45049,2.49
34717,62200.0,36.4,41798,2.58
34731,72200.0,34.5,35272,2.35
34792,78600.0,30.5,39701,2.59
34808,74300.0,37.8,5377,2.28
34814,79200.0,45.3,15866,2.73
34816,69600.0,36.7,19481,2.73
34853,83200.0,32.1,28378,2.55
34955,66100.0,40.4,5401,2.39
34997,87100.0,35.7,9696,2.63
35005,71200.0,46.7,16645,2.33
35210,62500.0,44.4,86173,2.56
35237,55400.0,32.6,35884,2.51
35810,58700.0,38.1,82762,3.21
35988,57400.0,35.2,23513,2.24
35996,65200.0,33.2,26932,1.88
36172,56500.0,38.7,46583,2.39
36465,79600.0,43.1,22138,2.12
36567,69000.0,38.6,13532,2.37
36654,68600.0,36.4,5225,2.23
36681,57500.0,28.0,13937,2.32
36699,61100.0,35.7,67495,2.28
36782,48000.0,41.8,107661,2.79
36799,82600.0,32.3,11493,2.54
36835,55200.0,45.4,3995,2.82
36872,55900.0,36.1,74553,2.56
36875,80700.0,40.0,29034,2.78
36958,71500.0,37.0,6113,2.47
36993,69100.0,33.1,878,2.95
37076,55100.0,41.2,9323,2.67
37115,60600.0,36.0,16168,2.36
37136,52900.0,34.8,7579,2.7
37166,38100.0,27.1,57590,2.56
37280,58600.0,45.5,11006,2.5
37326,55800.0,39.0,27273,2.57
37653,62500.0,44.5,366165,2.74
37660,40800.0,42.1,30614,2.02
37762,45400.0,44.5,23693,2.46
37972,55500.0,36.2,24289,2.72
37993,43500.0,32.1,56158,2.61
38013,36800.0,42.8,49001,2.27
38059,59800.0,39.7,8920,1.96
38071,66100.0,36.7,17115,2.98
38195,56800.0,42.7,12912,2.5
38243,62900.0,40.5,19714,2.93
38381,61600.0,42.2,200643,2.75
38432,58100.0,33.9,53061,2.35
38486,59200.0,43.9,24643,1.92
38510,70100.0,39.0,105766,2.43
38519,49300.0,44.4,33101,2.54
38568,65000.0,43.8,4439,2.66
38575,47400.0,42.4,167772,2.27
38655,50800.0,38.4,22651,2.59
38742,68800.0,42.5,2249,2.59
38797,47100.0,44.6,4630,2.8
38895,55800.0,42.0,93009,2.47
38911,79300.0,40.0,4714,2.66
39155,67200.0,42.6,118675,2.62
39164,51400.0,36.4,29412,2.77
39202,52900.0,46.6,58999,2.35
39320,56500.0,30.6,20282,1.8
39397,69800.0,39.2,47844,2.49
39468,49000.0,37.0,38110,2.49
39471,48400.0,35.8,25787,2.26
39511,64400.0,40.5,8333,2.17
39541,42900.0,33.4,39910,2.41
39588,49800.0,49.8,3646,2.52
39639,57200.0,32.2,74956,2.57
39719,57700.0,34.2,33413,1.98
39746,45700.0,33.8,44829,2.11
39787,61200.0,40.0,1512,2.83
39819,63000.0,44.1,7799,2.5
39828,52000.0,41.6,15424,2.55
39830,72900.0,46.4,56446,2.22
39901,61100.0,34.9,9537,2.55
39939,49000.0,42.3,443656,2.46
40103,66600.0,37.5,20138,2.4
40125,47300.0,40.1,8799,2.18
40149,53600.0,44.5,21905,2.33
40175,47600.0,30.5,9452,3.04
40317,57600.0,49.0,7312,2.46
40414,47700.0,38.3,81804,2.75
40416,48200.0,31.0,47314,2.5
40431,50600.0,35.5,47466,2.47
40455,47500.0,39.5,109582,2.39
40493,61600.0,35.5,45951,2.89
40512,40700.0,28.8,8315,2.64
40553,51700.0,39.5,58660,2.35
40583,52800.0,35.4,7791,2.45
40622,50900.0,42.3,15901,2.82
40671,60700.0,33.7,25584,1.84
40677,38500.0,50.3,22882,2.63
40770,57100.0,41.6,3751,2.68
40790,40800.0,40.0,9280,2.36
40827,47400.0,42.1,26245,2.59
40937,39900.0,29.9,13742,2.68
40985,49000.0,36.5,92863,2.24
40989,46800.0,47.9,112110,2.76
41078,80700.0,37.4,7845,2.62
41142,68200.0,38.7,28731,2.51
41158,70000.0,36.7,153428,2.58
41214,56000.0,46.3,23211,2.73
41245,72700.0,37.8,17194,3.13
41267,80700.0,32.7,69303,2.7
41272,73800.0,51.9,19898,2.75
41274,54200.0,32.1,108875,2.6
41566,61800.0,38.5,13986,3.03
41749,67000.0,34.8,15962,2.18
41803,60800.0,35.5,64162,2.12
41943,88800.0,33.7,30049,2.59
42033,63700.0,36.3,30310,2.72
42062,67600.0,43.9,3294,1.91
42068,62600.0,29.5,18238,2.55
42071,70100.0,45.3,69595,2.5
42175,80400.0,44.4,11361,2.74
42203,69000.0,41.5,58147,2.66
42205,66000.0,39.6,36127,2.1
42334,58300.0,40.4,21597,2.28
42511,78900.0,46.1,119794,2.35
42589,66700.0,30.3,18512,2.73
42602,66300.0,42.6,19987,2.64
42698,46900.0,35.3,21327,2.39
42861,66900.0,43.1,29395,2.59
42886,64400.0,35.9,62546,2.29
42975,51600.0,42.5,5325,3.06
44031,76900.0,31.3,69902,2.69
44042,63200.0,30.5,28996,2.75
44069,85100.0,38.4,49486,2.89
44106,80700.0,46.2,373635,2.8
44130,61500.0,41.7,15324,2.56
44177,80300.0,41.6,6994,2.5
44218,82500.0,43.3,33296,2.87
44822,63000.0,37.0,39632,2.56
44867,58700.0,42.1,70177,2.36
45021,32600.0,36.1,14880,3.04
45085,55400.0,37.4,10795,2.32
45107,43200.0,38.1,4983,2.12
45142,55700.0,36.3,5977,2.8
45242,46900.0,38.7,17025,2.37
45322,45000.0,37.7,23665,2.66
45364,46900.0,35.5,260836,3.0
45421,40300.0,38.3,4180,2.21
45467,46900.0,39.8,38907,2.54
45648,45400.0,33.5,12106,2.92
45823,51900.0,41.1,34377,2.72
45917,52900.0,36.5,14639,2.51
45928,42400.0,40.0,84029,3.15
45979,61900.0,35.7,83459,2.53
45980,50600.0,44.3,23756,2.65
46119,71500.0,43.8,131009,2.96
46128,60200.0,33.8,62076,2.8
46458,58600.0,41.6,124469,2.88
46474,53600.0,46.2,25656,2.33
46550,63500.0,34.3,76648,2.86
46582,58300.0,34.7,11555,2.59
46595,65700.0,42.7,10336,2.36
46618,72400.0,32.5,295909,2.61
46683,51500.0,35.1,8148,2.6
46777,63500.0,33.9,16652,3.02
46797,63300.0,42.7,3335,2.65
46951,62100.0,35.5,10610,2.35
46977,54100.0,37.6,9012,2.3
47288,48300.0,35.3,12870,2.54
47310,46700.0,44.7,37417,2.21
47323,46600.0,34.7,48783,2.37
47411,44400.0,32.0,8888,2.49
47460,51100.0,31.8,11287,2.44
47486,45200.0,42.5,88598,2.73
47501,55900.0,42.8,175575,2.37
47515,52500.0,45.2,107099,1.93
47533,53500.0,32.7,4399,2.13
47588,49500.0,37.8,99543,2.55
47617,52600.0,51.1,206707,2.4
47638,49800.0,37.5,4165,2.24
47869,59000.0,36.2,88519,3.04
48152,48000.0,38.9,34466,2.76
48163,55400.0,41.6,18773,2.54
48188,40200.0,41.6,30236,2.61
48191,58400.0,35.9,43809,2.48
48234,47000.0,36.1,96119,2.24
48235,43800.0,37.5,90818,2.81
48298,41800.0,35.3,5128,2.76
48331,41000.0,32.8,13180,2.06
48340,47700.0,48.0,29820,2.61
48434,65500.0,37.0,151667,2.63
48463,46200.0,37.2,1339,2.47
48481,32100.0,37.4,13740,3.07
48489,55300.0,38.6,5011,3.05
48496,42000.0,41.2,5965,2.46
48769,59300.0,36.7,79563,2.49
48789,48200.0,44.7,14987,2.46
48849,49500.0,42.0,2065,2.4
48876,62800.0,38.0,22600,2.32
48915,57600.0,35.7,252570,2.68
49017,54800.0,44.4,3687,3.04
49039,56100.0,38.2,48350,2.94
49071,49900.0,32.8,150915,2.75
49075,89400.0,44.1,25480,1.95
49087,58200.0,35.4,224314,2.08
49274,76500.0,43.3,13020,2.82
49276,61200.0,26.4,131997,2.95
49336,56300.0,37.2,101817,2.69
49340,66200.0,44.8,25957,2.47
49342,63100.0,39.0,5240,2.89
49410,73200.0,42.0,8938,2.74
49507,73300.0,34.5,2041,2.83
49655,60700.0,40.7,51718,2.09
49681,53000.0,39.0,45330,2.64
49728,55200.0,40.2,29353,2.99
49853,45500.0,49.2,23506,2.68
49873,63500.0,45.5,119773,2.79
49923,65900.0,43.0,37331,2.56
49995,55700.0,43.0,14616,2.58
50008,56600.0,34.5,31633,2.9
50036,67900.0,36.6,255827,2.38
50103,62300.0,31.3,53337,2.36
50118,66100.0,32.7,17520,2.43
50134,64700.0,34.6,25619,2.56
50156,70200.0,38.9,44789,2.15
50196,62900.0,32.9,16929,2.73
50216,63600.0,38.8,15360,2.51
50279,51100.0,38.2,26570,2.76
50280,67500.0,33.3,143057,2.02
50289,68800.0,46.6,64220,2.76
50355,66400.0,32.4,17146,2.88
50493,85200.0,44.6,69976,2.66
50519,69500.0,27.7,27158,2.56
50552,66600.0,38.3,39303,2.77
50556,72500.0,33.0,35560,2.87
50604,87000.0,35.7,2640,2.68
50685,70300.0,48.1,942,2.7
50750,48000.0,37.3,34520,2.96
50827,71900.0,33.5,10529,2.74
50856,60100.0,41.4,4433,2.35
50908,50700.0,37.2,10892,2.87
51049,67300.0,39.8,74392,2.52
51079,65300.0,34.4,39879,2.56
51150,43900.0,34.7,62877,2.58
51218,43900.0,35.1,44285,2.79
51236,53400.0,43.0,9792,2.99
51238,44000.0,37.9,63209,2.56
51279,50800.0,33.8,51242,2.98
51331,45600.0,39.8,23642,2.59
51495,48400.0,39.4,28702,2.9
51575,39400.0,41.9,64326,2.6
51635,59400.0,36.6,11797,2.43
51660,62800.0,38.6,89025,3.03
51812,51100.0,41.1,50091,2.4
51849,51700.0,34.0,26970,2.39
51898,57700.0,43.4,144981,2.24
53281,66000.0,39.1,6478,2.87
53297,81600.0,33.5,16217,2.93
53345,54200.0,33.5,12702,2.64
53373,73700.0,38.5,39891,2.3
53493,65000.0,36.2,98780,2.55
53503,55900.0,42.8,9124,2.47
53642,86200.0,37.6,1020750,2.29
53649,87500.0,40.5,12977,2.43
53712,64100.0,34.8,40005,2.68
53775,70000.0,38.9,26983,2.4
53908,61800.0,45.6,28304,2.62
53931,63200.0,38.3,11253,2.11
54053,41800.0,36.2,87055,2.97
54122,40500.0,34.7,10516,2.45
54221,68600.0,38.9,3844,2.77
54243,51700.0,46.0,7831,2.6
54245,52500.0,32.2,131906,2.65
54478,44700.0,38.8,106459,2.27
54524,53700.0,30.4,2957,2.36
54550,38500.0,36.9,65848,2.37
54574,45000.0,40.3,3041,2.56
54681,41200.0,31.1,26109,2.88
54729,63600.0,36.8,7126,2.66
54754,37100.0,40.5,71672,2.32
54772,41400.0,39.7,49520,2.57
54849,33600.0,40.7,79026,2.53
54856,44000.0,34.1,19443,2.46
54990,47900.0,40.5,21797,2.55
55014,66800.0,36.0,5171,2.74
55025,56000.0,42.6,8660,2.37
55069,54300.0,27.4,76373,2.46
55102,60700.0,37.6,40295,2.8
55308,54000.0,39.5,30175,2.67
55349,79700.0,45.7,107832,2.87
55521,52700.0,39.4,6437,2.91
55532,61700.0,39.9,59407,2.21
55534,65400.0,40.9,7353,2.62
55590,52400.0,45.3,136716,2.42
55659,59500.0,37.1,48968,2.25
55744,53500.0,32.0,77726,2.35
55765,60500.0,31.0,12434,2.47
55774,58900.0,42.3,296650,2.48
56007,64700.0,40.1,242417,2.4
56035,55600.0,37.7,43192,2.55
56047,82800.0,36.1,98006,3.16
56111,71300.0,39.9,19301,2.12
56197,51700.0,40.0,6665,2.83
56340,62200.0,41.4,64561,2.55
56444,51900.0,33.5,9786,2.44
56612,72900.0,30.2,113691,2.05
56867,65800.0,34.4,85190,2.74
56869,66000.0,32.2,34848,2.19
56894,58400.0,32.0,32769,2.76
56897,63200.0,46.8,79875,2.99
56915,73100.0,27.7,36389,2.23
