date,spending_index
2023-07-01,101.64
2023-08-01,100.38
2023-09-01,97.75
2023-10-01,99.34
2023-11-01,101.62
2023-12-01,102.28
2024-01-01,99.84
2024-02-01,102.44
2024-03-01,103.9
2024-04-01,104.48
2024-05-01,102.85
2024-06-01,104.39
2024-07-01,105.62
2024-08-01,105.65
2024-09-01,106.05
2024-10-01,105.3
2024-11-01,105.35
2024-12-01,106.21
2025-01-01,105.1
2025-02-01,108.07
2025-03-01,104.71
2025-04-01,106.49
2025-05-01,107.49
2025-06-01,108.54
2025-07-01,109.15
2025-08-01,110.66
2025-09-01,109.02
2025-10-01,108.25
2025-11-01,109.4
2025-12-01,109.5
2026-01-01,111.01
2026-02-01,109.13
2026-03-01,110.73
2026-04-01,113.59
2026-05-01,111.91
2026-06-01,110.53
