date,cpi_food_away
2023-07-01,99.8
2023-08-01,99.26
2023-09-01,101.16
2023-10-01,102.79
2023-11-01,101.69
2023-12-01,102.13
2024-01-01,103.21
2024-02-01,104.75
2024-03-01,105.82
2024-04-01,105.67
2024-05-01,105.23
2024-06-01,106.59
2024-07-01,108.27
2024-08-01,107.61
2024-09-01,108.48
2024-10-01,109.14
2024-11-01,108.67
2024-12-01,110.8
2025-01-01,111.31
2025-02-01,110.2
2025-03-01,111.2
2025-04-01,112.02
2025-05-01,113.65
2025-06-01,113.35
2025-07-01,114.64
2025-08-01,114.89
2025-09-01,115.64
2025-10-01,116.5
2025-11-01,116.96
2025-12-01,117.39
2026-01-01,118.2
2026-02-01,118.73
2026-03-01,119.07
2026-04-01,119.54
2026-05-01,121.53
2026-06-01,120.73
