NOM_ENT,pop,stores,per10k
Aguascalientes,1425607,334.0,2.3428616722560984
Baja California,3769020,1434.0,3.8047025486731303
Baja California Sur,798447,327.0,4.095450292881056
Campeche,928363,150.0,1.6157472885067587
Chiapas,5543828,368.0,0.6638012579033837
Chihuahua,3741869,1043.0,2.787377110208829
Ciudad de México,9209944,1489.0,1.6167307857680786
Coahuila de Zaragoza,3146771,1173.0,3.727630641060312
Colima,731391,176.0,2.4063736086443503
Durango,1832650,421.0,2.297219872861703
Guanajuato,6166934,871.0,1.4123712042321193
Guerrero,3540685,486.0,1.3726157509069572
Hidalgo,3082841,401.0,1.30074823839439
Jalisco,8348151,1521.0,1.8219603358875516
Michoacán de Ocampo,4748846,614.0,1.2929456967018935
Morelos,1971520,381.0,1.932519071579289
México,16992418,1679.0,0.9880877459582268
Nayarit,1235456,249.0,2.0154501657687525
Nuevo León,5784442,2003.0,3.462736768732403
Oaxaca,4132148,259.0,0.6267926511828714
Puebla,6583278,835.0,1.2683650910686137
Querétaro,2368467,642.0,2.7106140807535
Quintana Roo,1857985,500.0,2.69108738768074
San Luis Potosí,2822255,529.0,1.8743876793556926
Sinaloa,3026943,906.0,2.993118800056691
Sonora,2944840,1172.0,3.979842707923011
Tabasco,2402598,319.0,1.3277293995916088
Tamaulipas,3527735,1255.0,3.557523453434002
Tlaxcala,1342977,188.0,1.3998750537053128
Veracruz de Ignacio de la Llave,8062579,1199.0,1.4871172115026718
Yucatán,2320898,435.0,1.8742745264979332
Zacatecas,1622138,289.0,1.78159934604824
